geoid,pct_poverty,median_household_income,pct_hispanic,pct_black_nonhispanic,pct_white_nonhispanic,pct_asian_nonhispanic,pct_minority,households,pct_limited_or_no_english,GRR,L,NL,U,total,flag,lead_plus_suspected,requires_replacement,pct_lead,pct_grr,pct_suspected_lead,pct_lead_plus_suspected,pct_requires_replacement,pct_not_lead,N,Y,pct_replaced
"17031030101",17.5,49132,9.1,20.2,47.1,17.8,52.9,2162,6.4,0,5,29,28,62,false,33,33,8.1,0,45.2,53.2,53.2,46.8,62,0,0
"17031030701",19.7,51625,12.9,33.2,45.7,5.6,54.3,894,1.9,0,3,26,14,43,false,17,17,7,0,32.6,39.5,39.5,60.5,42,1,2.3
"17031070103",13.4,76477,6.3,8.7,69.2,6.1,30.8,1133,0,0,28,27,32,87,false,60,60,32.2,0,36.8,69,69,31,84,3,3.4
"17031770602",3.8,85913,54.8,1,32.7,8.7,67.3,1541,18.8,,,,,,,,,,,,,,,,,
"17031841200",14,62819,83,2.5,13.6,0,86.4,1796,13.3,8,73,115,550,746,false,623,631,9.8,1.1,73.7,83.5,84.6,15.4,734,12,1.6
"17031831900",10.8,131567,8.5,2.3,80.3,5.8,19.7,1435,0.9,10,64,208,219,501,false,283,293,12.8,2,43.7,56.5,58.5,41.5,497,4,0.8
"17031832600",2.2,211324,4.5,1,85,3.6,15,1734,0.2,7,61,542,319,929,false,380,387,6.6,0.8,34.3,40.9,41.7,58.3,923,6,0.6
"17031836900",73.4,43333,11.8,84.1,2,0,98,644,0,0,61,53,69,183,false,130,130,33.3,0,37.7,71,71,29,181,2,1.1
"17031842300",10.3,173082,6.9,15.4,61,8.5,39,1752,0.5,4,31,296,208,539,false,239,243,5.8,0.7,38.6,44.3,45.1,54.9,537,2,0.4
"17031839500",15.1,55625,20.2,51.8,13.6,3.8,86.4,777,1.8,3,19,138,145,305,false,164,167,6.2,1,47.5,53.8,54.8,45.2,303,2,0.7
"17031835800",19.8,84500,9.2,89.9,0.2,0,99.8,916,0.5,2,30,117,105,254,false,135,137,11.8,0.8,41.3,53.1,53.9,46.1,252,2,0.8
"17031838800",42.9,24432,43.2,52,1.9,0,98.1,1082,17.6,31,208,108,323,670,false,531,562,31,4.6,48.2,79.3,83.9,16.1,657,13,1.9
"17031843400",17.4,43021,45.4,54.1,0,0,100,475,8.7,8,102,33,214,357,false,316,324,28.6,2.2,59.9,88.5,90.8,9.2,352,5,1.4
"17031842600",16.1,91667,39.7,5.5,37,12.9,63,1620,11.2,38,307,445,508,1298,false,815,853,23.7,2.9,39.1,62.8,65.7,34.3,1279,19,1.5
"17031841900",13.5,136955,12.9,20.4,39.8,22.2,60.2,1669,3.1,5,3,357,79,444,false,82,87,0.7,1.1,17.8,18.5,19.6,80.4,444,0,0
"17031843200",13.5,70525,61.3,2.1,32.7,1.6,67.3,983,13.1,10,113,181,320,624,false,433,443,18.1,1.6,51.3,69.4,71,29,614,10,1.6
"17031301803",13,59213,97.2,0,2.8,0,97.2,1179,18.2,5,239,29,399,672,false,638,643,35.6,0.7,59.4,94.9,95.7,4.3,662,10,1.5
"17031320101",3.6,129221,7.8,9.2,55.1,21.6,44.9,5481,5.6,0,0,71,5,76,false,5,5,0,0,6.6,6.6,6.6,93.4,76,0,0
"17031330103",13.8,122957,5.8,22.8,57.5,11.5,42.5,4902,1,3,8,348,43,402,false,51,54,2,0.7,10.7,12.7,13.4,86.6,402,0,0
"17031380600",32,35804,2.4,67.7,13.5,1.5,86.5,2087,0.4,1,104,199,106,410,false,210,211,25.4,0.2,25.9,51.2,51.5,48.5,405,5,1.2
"17031330102",0.9,110464,9.2,25.9,45.4,15.1,54.6,6366,0,0,2,155,31,188,false,33,33,1.1,0,16.5,17.6,17.6,82.4,188,0,0
"17031330101",6,181013,6.3,4.2,54.4,28.1,45.6,2709,6.3,2,1,88,9,100,false,10,12,1,2,9,10,12,88,100,0,0
"17031460800",40,33048,41,57.8,0.8,0.4,99.2,1370,12.1,30,165,31,410,636,false,575,605,25.9,4.7,64.5,90.4,95.1,4.9,629,7,1.1
"17031630600",31.4,48398,86,8.1,4.7,1.2,95.3,855,19.4,15,96,80,391,582,false,487,502,16.5,2.6,67.2,83.7,86.3,13.7,580,2,0.3
"17031490200",13.7,65268,0.5,90.8,3.4,0.9,96.6,1391,0.3,21,535,92,648,1296,false,1183,1204,41.3,1.6,50,91.3,92.9,7.1,1272,24,1.9
"17031612200",25.5,46227,61.8,33.7,0,4.6,100,1155,20.2,13,202,44,401,660,false,603,616,30.6,2,60.8,91.4,93.3,6.7,652,8,1.2
"17031844700",28.1,69583,27.6,67.8,1.7,1.5,98.3,683,4,12,93,94,241,440,false,334,346,21.1,2.7,54.8,75.9,78.6,21.4,410,30,6.8
"17031844600",20.6,56848,13.9,74.8,5,0.3,95,851,0.6,0,12,68,84,164,false,96,96,7.3,0,51.2,58.5,58.5,41.5,163,1,0.6
"17031320102",10.3,109211,9.9,1,57.4,28.3,42.6,2748,0,0,0,145,13,158,false,13,13,0,0,8.2,8.2,8.2,91.8,158,0,0
"17031730202",4.5,81250,0.7,97.8,1.4,0,98.6,966,0,21,454,38,519,1032,false,973,994,44,2,50.3,94.3,96.3,3.7,1010,22,2.1
"17031220701",8,79948,57.2,0,38.4,1.4,61.6,1141,12.6,8,194,55,210,467,false,404,412,41.5,1.7,45,86.5,88.2,11.8,462,5,1.1
"17031063302",6.1,96364,3.4,3,78.2,10.6,21.8,2856,2,0,7,36,36,79,false,43,43,8.9,0,45.6,54.4,54.4,45.6,79,0,0
"17031252201",32.4,45458,2.4,94.1,3.1,0.2,96.9,1071,0.4,9,254,43,287,593,false,541,550,42.8,1.5,48.4,91.2,92.7,7.3,585,8,1.3
"17031660302",11.2,49101,78.9,20.8,0.3,0,99.7,1454,25.1,14,309,16,500,839,false,809,823,36.8,1.7,59.6,96.4,98.1,1.9,831,8,1
"17031660301",29.8,28846,72,26.4,1.6,0,98.4,642,20.3,6,76,10,163,255,false,239,245,29.8,2.4,63.9,93.7,96.1,3.9,250,5,2
"17031835600",69.8,14074,1.7,92.2,0,0.2,100,311,0,5,144,32,93,274,false,237,242,52.6,1.8,33.9,86.5,88.3,11.7,269,5,1.8
"17031840000",19.1,87731,15.9,0.8,34.6,47.1,65.4,1027,19.9,5,81,424,271,781,false,352,357,10.4,0.6,34.7,45.1,45.7,54.3,770,11,1.4
"17031836400",30.8,27012,7.9,80.6,4.7,0.7,95.3,1842,0,4,28,292,103,427,false,131,135,6.6,0.9,24.1,30.7,31.6,68.4,422,5,1.2
"17031836100",37.4,19645,0,96.7,0.4,0,99.6,773,0,3,16,53,127,199,false,143,146,8,1.5,63.8,71.9,73.4,26.6,197,2,1
"17031834600",40.8,24836,11.4,86.8,1,0,99,819,0,26,215,56,510,807,false,725,751,26.6,3.2,63.2,89.8,93.1,6.9,795,12,1.5
"17031843600",16.2,71359,4.4,87.1,4.1,0,95.9,1391,0,10,39,189,214,452,false,253,263,8.6,2.2,47.3,56,58.2,41.8,450,2,0.4
"17031061902",7.4,92011,4,6.2,76.7,11.3,23.3,2899,1.9,1,0,36,17,54,false,17,18,0,1.9,31.5,31.5,33.3,66.7,54,0,0
"17031030102",24.4,59622,12.6,15.9,44.1,25.9,55.9,1989,11.4,0,4,35,36,75,false,40,40,5.3,0,48,53.3,53.3,46.7,74,1,1.3
"17031030103",26.4,55651,23.5,11.8,47,13.3,53,1091,10.8,0,1,21,12,34,false,13,13,2.9,0,35.3,38.2,38.2,61.8,34,0,0
"17031030706",7.8,50431,3.6,14.6,60.7,15.7,39.3,1918,6.2,1,1,26,5,33,false,6,7,3,3,15.2,18.2,21.2,78.8,33,0,0
"17031030601",17.5,51136,7.2,26.2,42.9,16.9,57.1,1908,4.6,3,3,44,35,85,false,38,41,3.5,3.5,41.2,44.7,48.2,51.8,84,1,1.2
"17031081202",6.3,158100,6.5,3.3,78.9,7.5,21.1,2094,1.1,3,20,63,65,151,false,85,88,13.2,2,43,56.3,58.3,41.7,150,1,0.7
"17031063303",10.1,104813,1.3,1.6,80.7,14.1,19.3,919,0,0,0,7,2,9,true,2,2,0,0,22.2,22.2,22.2,77.8,7,2,22.2
"17031836000",23.9,79485,2.8,87,4.1,0.9,95.9,1151,0,7,37,184,222,450,false,259,266,8.2,1.6,49.3,57.6,59.1,40.9,443,7,1.6
"17031220901",15.4,83681,63.9,14.9,16.6,3,83.4,1032,16.2,6,166,64,210,446,false,376,382,37.2,1.3,47.1,84.3,85.7,14.3,434,12,2.7
"17031210602",11.7,93589,60.8,4.2,30.7,2.9,69.3,1682,13.5,13,215,106,386,720,false,601,614,29.9,1.8,53.6,83.5,85.3,14.7,714,6,0.8
"17031220602",13.5,71207,30.5,6.6,54.7,5.5,45.3,2674,11.3,9,229,98,264,600,false,493,502,38.2,1.5,44,82.2,83.7,16.3,582,18,3
"17031220601",2,130500,28.4,4.3,56.3,5.5,43.7,754,4.9,9,78,39,163,289,false,241,250,27,3.1,56.4,83.4,86.5,13.5,281,8,2.8
"17031040401",5.7,103750,25.9,2.6,56.7,7.6,43.3,1524,4.3,14,259,139,251,663,false,510,524,39.1,2.1,37.9,76.9,79,21,653,10,1.5
"17031252202",29.9,45839,1,97.1,0.6,0.9,99.4,1841,0,34,222,78,385,719,false,607,641,30.9,4.7,53.5,84.4,89.2,10.8,705,14,1.9
"17031252102",16.2,51992,8.8,85.2,0,0,100,2247,1.4,24,478,86,400,988,false,878,902,48.4,2.4,40.5,88.9,91.3,8.7,956,32,3.2
"17031836300",29.8,50729,3.7,58.3,23.1,7,76.9,703,3.2,4,3,29,64,100,false,67,71,3,4,64,67,71,29,98,2,2
"17031834500",41.8,53958,0,96.9,3.1,0,96.9,554,0,9,25,38,149,221,false,174,183,11.3,4.1,67.4,78.7,82.8,17.2,217,4,1.8
"17031836200",9.9,,11.9,8.1,52.2,23.3,47.8,119,0.4,3,12,96,48,159,false,60,63,7.5,1.9,30.2,37.7,39.6,60.4,157,2,1.3
"17031010501",11.1,48250,9.4,18.2,63,6.9,37,2379,1.7,2,11,57,70,140,false,81,83,7.9,1.4,50,57.9,59.3,40.7,137,3,2.1
"17031020701",8.7,101250,15,6.8,54.4,18.5,45.6,748,7.3,5,164,68,270,507,false,434,439,32.3,1,53.3,85.6,86.6,13.4,498,9,1.8
"17031833900",46.2,40694,50.5,46.8,1.8,0.4,98.2,772,11.6,4,95,66,254,419,false,349,353,22.7,1,60.6,83.3,84.2,15.8,415,4,1
"17031834400",20.3,40588,1.4,80.7,10.1,1.3,89.9,1942,0.9,15,99,226,228,568,false,327,342,17.4,2.6,40.1,57.6,60.2,39.8,564,4,0.7
"17031834300",18.7,52425,0.8,93.6,0,0,100,2571,0,131,962,117,1023,2233,false,1985,2116,43.1,5.9,45.8,88.9,94.8,5.2,2198,35,1.6
"17031070101",11.4,96944,10.8,2,78.9,5.8,21.1,2656,0,1,8,39,68,116,false,76,77,6.9,0.9,58.6,65.5,66.4,33.6,115,1,0.9
"17031110501",7.4,104848,34.2,5.8,44,13.1,56,1960,12.8,49,578,100,604,1331,false,1182,1231,43.4,3.7,45.4,88.8,92.5,7.5,1308,23,1.7
"17031030104",22,47330,15.1,10.7,55.1,16.6,44.9,1043,0.9,0,4,23,15,42,false,19,19,9.5,0,35.7,45.2,45.2,54.8,42,0,0
"17031081401",10,82365,7.8,3.4,60.7,25.9,39.3,1530,4.9,5,1,66,11,83,false,12,17,1.2,6,13.3,14.5,20.5,79.5,83,0,0
"17031430102",27.5,49672,1.3,91.2,3.9,0.4,96.1,2369,0.4,0,22,36,26,84,false,48,48,26.2,0,31,57.1,57.1,42.9,83,1,1.2
"17031770902",8.2,74318,12.6,3.9,78.8,2.4,21.2,1582,7.6,0,0,3,0,3,true,0,0,0,0,0,0,0,100,3,0,0
"17031430101",29.1,37917,1.7,97.2,0.4,0.8,99.6,1878,0,4,85,59,159,307,false,244,248,27.7,1.3,51.8,79.5,80.8,19.2,301,6,2
"17031252101",18.1,50139,3.1,91,0.1,0,99.9,728,0.7,5,56,31,114,206,false,170,175,27.2,2.4,55.3,82.5,85,15,203,3,1.5
"17031010201",25,49639,34.6,30.3,18.5,5,81.5,3038,13.4,19,136,84,258,497,false,394,413,27.4,3.8,51.9,79.3,83.1,16.9,494,3,0.6
"17031760801",14,75625,6.4,4.5,54.9,30.2,45.1,2342,13.3,0,3,62,107,172,false,110,110,1.7,0,62.2,64,64,36,172,0,0
"17031839000",14.2,95565,13.8,11,51.6,20.1,48.4,6440,2,0,2,140,31,173,false,33,33,1.2,0,17.9,19.1,19.1,80.9,173,0,0
"17031440201",32.3,38257,0,98.4,0,0.4,100,2351,2.1,16,287,33,427,763,false,714,730,37.6,2.1,56,93.6,95.7,4.3,752,11,1.4
"17031540101",56.7,16176,3.4,93.5,0.2,0,99.8,1566,0.3,10,71,45,112,238,false,183,193,29.8,4.2,47.1,76.9,81.1,18.9,237,1,0.4
"17031834000",20.2,41225,0,94.1,0,0,100,1242,0,21,181,37,210,449,false,391,412,40.3,4.7,46.8,87.1,91.8,8.2,444,5,1.1
"17031711100",21.9,49688,0,99.6,0,0,100,1037,0,43,296,38,381,758,false,677,720,39.1,5.7,50.3,89.3,95,5,744,14,1.8
"17031711200",12.2,60433,10.5,85.2,0.5,0,99.5,1700,5.3,30,703,48,773,1554,false,1476,1506,45.2,1.9,49.7,95,96.9,3.1,1529,25,1.6
"17031711500",12.5,52885,1.8,94.6,0,3.6,100,818,2.2,31,439,27,343,840,false,782,813,52.3,3.7,40.8,93.1,96.8,3.2,830,10,1.2
"17031270500",46.6,24375,0,98.7,1.3,0,98.7,616,0,5,19,42,77,143,false,96,101,13.3,3.5,53.8,67.1,70.6,29.4,140,3,2.1
"17031680900",38.1,18333,1.1,92,1.9,1,98.1,1840,0.4,14,101,150,177,442,false,278,292,22.9,3.2,40,62.9,66.1,33.9,440,2,0.5
"17031221000",11.9,89044,48.9,3.5,42.4,1.6,57.6,1100,11,10,72,81,223,386,false,295,305,18.7,2.6,57.8,76.4,79,21,381,5,1.3
"17031221100",15.3,96514,33.5,7,48.8,4.4,51.2,2037,4.9,8,177,123,308,616,false,485,493,28.7,1.3,50,78.7,80,20,604,12,1.9
"17031242800",6.4,165375,24,1.1,70.2,2.5,29.8,691,9.8,8,95,194,173,470,false,268,276,20.2,1.7,36.8,57,58.7,41.3,459,11,2.3
"17031242900",6.5,124960,19.2,3.2,64,5.9,36,845,3.6,3,59,162,199,423,false,258,261,13.9,0.7,47,61,61.7,38.3,419,4,0.9
"17031243000",3.9,123750,25.1,1.9,55.2,10.6,44.8,1098,2.7,4,51,223,252,530,false,303,307,9.6,0.8,47.5,57.2,57.9,42.1,527,3,0.6
"17031243100",2.7,107833,45.3,2.1,40.6,5.2,59.4,958,11.5,1,39,273,250,563,false,289,290,6.9,0.2,44.4,51.3,51.5,48.5,561,2,0.4
"17031243200",10.1,124648,20.6,7,55.2,11.3,44.8,1117,1.6,1,55,252,206,514,false,261,262,10.7,0.2,40.1,50.8,51,49,509,5,1
"17031243300",4.2,122917,18.1,1.7,68.4,4.7,31.6,1371,2.7,4,86,206,173,469,false,259,263,18.3,0.9,36.9,55.2,56.1,43.9,465,4,0.9
"17031243400",13.7,113966,19.5,5,63.8,5.2,36.2,1540,4.3,3,35,193,229,460,false,264,267,7.6,0.7,49.8,57.4,58,42,442,18,3.9
"17031071400",17,123070,6.8,4.8,81.5,5.3,18.5,2796,0,0,23,89,88,200,false,111,111,11.5,0,44,55.5,55.5,44.5,198,2,1
"17031110400",4,85825,20.1,0.7,65.6,9.8,34.4,2057,10.2,15,412,89,603,1119,false,1015,1030,36.8,1.3,53.9,90.7,92,8,1105,14,1.3
"17031150600",10.6,95045,48.2,1.2,42,5.1,58,1414,4.5,27,444,81,504,1056,false,948,975,42,2.6,47.7,89.8,92.3,7.7,1028,28,2.7
"17031150700",4.8,108385,45.7,1.3,47.6,2.3,52.4,1423,6.3,32,390,62,606,1090,false,996,1028,35.8,2.9,55.6,91.4,94.3,5.7,1060,30,2.8
"17031150800",10.6,79044,49.7,2.7,39.5,2.8,60.5,1709,12.4,31,448,73,521,1073,false,969,1000,41.8,2.9,48.6,90.3,93.2,6.8,1060,13,1.2
"17031151100",9.4,76864,54.5,0.9,40,3.4,60,1850,14.5,20,360,44,565,989,false,925,945,36.4,2,57.1,93.5,95.6,4.4,976,13,1.3
"17031151200",12.3,92201,43,0,51,4.7,49,1303,18.1,11,268,41,643,963,false,911,922,27.8,1.1,66.8,94.6,95.7,4.3,944,19,2
"17031241500",5.1,178750,11.9,1.1,69.8,7,30.2,1305,0.6,1,48,297,280,626,false,328,329,7.7,0.2,44.7,52.4,52.6,47.4,624,2,0.3
"17031241100",19.6,90822,32.4,6.9,51.9,4.5,48.1,1664,9.9,4,90,229,301,624,false,391,395,14.4,0.6,48.2,62.7,63.3,36.7,614,10,1.6
"17031241600",11.4,121471,18.9,0,65.3,10.8,34.7,1774,3.3,3,27,238,221,489,false,248,251,5.5,0.6,45.2,50.7,51.3,48.7,482,7,1.4
"17031241300",10.5,182829,16.3,5.6,68.4,7.9,31.6,791,3,0,15,120,128,263,false,143,143,5.7,0,48.7,54.4,54.4,45.6,256,7,2.7
"17031241400",5.2,200429,5.6,4.7,74.6,6.5,25.4,2600,3.2,6,99,378,316,799,false,415,421,12.4,0.8,39.5,51.9,52.7,47.3,790,9,1.1
"17031243500",4.4,169198,14.5,5.1,70.8,5.3,29.2,2440,0.6,3,17,335,129,484,false,146,149,3.5,0.6,26.7,30.2,30.8,69.2,477,7,1.4
"17031250200",27.1,45019,49,47.8,2.7,0,97.3,853,6.8,19,146,43,381,589,false,527,546,24.8,3.2,64.7,89.5,92.7,7.3,575,14,2.4
"17031250300",19.8,64537,41.3,47.9,7.6,1,92.4,1648,13.1,32,255,54,459,800,false,714,746,31.9,4,57.4,89.2,93.2,6.8,784,16,2
"17031250400",15.1,47281,24.7,66.3,4.6,0,95.4,2085,6.8,63,501,64,579,1207,false,1080,1143,41.5,5.2,48,89.5,94.7,5.3,1186,21,1.7
"17031250500",11.8,120386,39.4,22.6,32.5,1.3,67.5,2909,4.7,15,963,197,1078,2253,false,2041,2056,42.7,0.7,47.8,90.6,91.3,8.7,2200,53,2.4
"17031071500",2,123663,7.2,1.7,83.2,6.2,16.8,3808,1.3,1,26,125,298,450,false,324,325,5.8,0.2,66.2,72,72.2,27.8,446,4,0.9
"17031071800",4.1,232807,6.8,8.4,75.7,8,24.3,1090,0.9,1,16,329,173,519,false,189,190,3.1,0.2,33.3,36.4,36.6,63.4,518,1,0.2
"17031080100",9.5,116983,2.9,0.4,85.2,7,14.8,4314,0,2,27,83,79,191,false,106,108,14.1,1,41.4,55.5,56.5,43.5,190,1,0.5
"17031080300",8.3,157882,17.5,0.7,68.2,10.9,31.8,3238,0,2,20,332,138,492,false,158,160,4.1,0.4,28,32.1,32.5,67.5,489,3,0.6
"17031080400",27.7,,0.9,63.2,24.8,6.4,75.2,2273,0.1,0,8,283,68,359,false,76,76,2.2,0,18.9,21.2,21.2,78.8,359,0,0
"17031160100",5.1,111602,24.7,0,57.1,16.9,42.9,999,6.5,22,227,70,206,525,false,433,455,43.2,4.2,39.2,82.5,86.7,13.3,513,12,2.3
"17031160200",10.8,128288,20,5,62.9,2.5,37.1,1321,4.6,30,298,152,381,861,false,679,709,34.6,3.5,44.3,78.9,82.3,17.7,841,20,2.3
"17031160300",14.6,76083,14.5,4.7,53.5,18.4,46.5,1792,4.8,3,113,89,156,361,false,269,272,31.3,0.8,43.2,74.5,75.3,24.7,355,6,1.7
"17031160400",15.6,72593,40.9,5.8,44.3,7.1,55.7,2138,6.2,50,320,142,451,963,false,771,821,33.2,5.2,46.8,80.1,85.3,14.7,951,12,1.2
"17031160700",8.6,89531,52.6,4.1,32.8,8.4,67.2,2532,9.9,22,551,186,380,1139,false,931,953,48.4,1.9,33.4,81.7,83.7,16.3,1126,13,1.1
"17031221300",17.7,87432,37.2,3.7,47.6,7.6,52.4,1479,8,8,79,164,201,452,false,280,288,17.5,1.8,44.5,61.9,63.7,36.3,445,7,1.5
"17031221500",14.1,72292,33.2,11.9,52.9,0.8,47.1,1442,9.5,13,95,132,223,463,false,318,331,20.5,2.8,48.2,68.7,71.5,28.5,456,7,1.5
"17031221400",8,108789,26.1,2.5,50.3,11.4,49.7,1529,4.7,8,116,208,250,582,false,366,374,19.9,1.4,43,62.9,64.3,35.7,570,12,2.1
"17031250600",19.8,81458,21.3,78.3,0.4,0,99.6,1291,2.4,21,504,57,423,1005,false,927,948,50.1,2.1,42.1,92.2,94.3,5.7,976,29,2.9
"17031250700",28.9,50924,23.1,74.3,2.1,0,97.9,2159,4.8,31,416,45,560,1052,false,976,1007,39.5,2.9,53.2,92.8,95.7,4.3,1030,22,2.1
"17031250800",18.7,65884,28.6,69.3,0.4,0.6,99.6,807,6.3,9,320,37,210,576,false,530,539,55.6,1.6,36.5,92,93.6,6.4,564,12,2.1
"17031251000",40.8,35568,34.3,65.7,0,0,100,419,12.1,12,57,20,156,245,false,213,225,23.3,4.9,63.7,86.9,91.8,8.2,245,0,0
"17031251100",30.2,40584,21.9,75.8,0.2,0,99.8,1704,4.3,23,298,59,352,732,false,650,673,40.7,3.1,48.1,88.8,91.9,8.1,708,24,3.3
"17031051400",8.6,150357,16.6,7.4,63.6,11,36.4,1062,1.3,10,43,230,137,420,false,180,190,10.2,2.4,32.6,42.9,45.2,54.8,419,1,0.2
"17031060100",2.7,145313,8.5,1.2,75.5,8.8,24.5,1283,2.8,10,52,236,181,479,false,233,243,10.9,2.1,37.8,48.6,50.7,49.3,473,6,1.3
"17031060300",3.4,139306,13.1,1.7,75.8,7.4,24.2,1217,0.2,9,117,255,265,646,false,382,391,18.1,1.4,41,59.1,60.5,39.5,631,15,2.3
"17031060800",10.4,83534,11.1,7.9,62.3,13.7,37.7,3686,3.5,0,2,38,32,72,false,34,34,2.8,0,44.4,47.2,47.2,52.8,72,0,0
"17031160800",7.7,83148,60.7,0.4,30.7,4.9,69.3,1878,12.5,27,364,93,503,987,false,867,894,36.9,2.7,51,87.8,90.6,9.4,972,15,1.5
"17031160900",4.6,116063,19.8,2.4,61.6,14.1,38.4,1037,2.5,15,252,96,245,608,false,497,512,41.4,2.5,40.3,81.7,84.2,15.8,601,7,1.2
"17031161000",6.1,113287,20.2,0.1,68.3,9.6,31.7,823,0.7,10,130,91,166,397,false,296,306,32.7,2.5,41.8,74.6,77.1,22.9,387,10,2.5
"17031161100",5.4,153750,19.4,5.7,64.7,4,35.3,750,2.3,13,140,176,173,502,false,313,326,27.9,2.6,34.5,62.4,64.9,35.1,493,9,1.8
"17031161200",23,76797,54.8,4.5,28.9,6.4,71.1,1089,2.2,6,286,66,231,589,false,517,523,48.6,1,39.2,87.8,88.8,11.2,584,5,0.8
"17031161300",17.1,58425,56.4,0.8,35.5,4.5,64.5,1577,17.2,16,272,103,343,734,false,615,631,37.1,2.2,46.7,83.8,86,14,725,9,1.2
"17031170100",26.3,41699,10.7,5,76.4,7.6,23.6,1085,15.7,0,0,98,2,100,false,2,2,0,0,2,2,2,98,100,0,0
"17031221600",6.3,138152,23.1,1.2,64.9,7.1,35.1,1368,0.7,8,150,284,266,708,false,416,424,21.2,1.1,37.6,58.8,59.9,40.1,694,14,2
"17031242100",5.8,205338,17.8,0.4,63.5,6.3,36.5,2044,3.1,0,27,324,248,599,false,275,275,4.5,0,41.4,45.9,45.9,54.1,595,4,0.7
"17031242000",5.9,151724,10.1,18.7,56,9.3,44,2312,2.2,1,53,277,238,569,false,291,292,9.3,0.2,41.8,51.1,51.3,48.7,563,6,1.1
"17031251200",6.4,64309,34.5,65.1,0.3,0,99.7,1208,10.3,23,532,57,333,945,false,865,888,56.3,2.4,35.2,91.5,94,6,927,18,1.9
"17031251300",24.9,42182,9.2,83.8,3.6,0,96.4,1504,0.3,27,279,84,581,971,false,860,887,28.7,2.8,59.8,88.6,91.3,8.7,931,40,4.1
"17031051300",1.6,199890,15.5,3.5,74.8,0.9,25.2,1105,0.9,9,79,361,145,594,false,224,233,13.3,1.5,24.4,37.7,39.2,60.8,590,4,0.7
"17031600700",16.7,68237,15.9,1.6,24.7,52.9,75.3,1215,25.3,17,156,194,257,624,false,413,430,25,2.7,41.2,66.2,68.9,31.1,616,8,1.3
"17031600900",16.6,62049,26.4,6.3,23.7,39.6,76.3,1542,19.2,11,131,180,372,694,false,503,514,18.9,1.6,53.6,72.5,74.1,25.9,691,3,0.4
"17031672000",21,45192,19.6,77.2,0,0,100,1062,5,22,484,49,630,1185,false,1114,1136,40.8,1.9,53.2,94,95.9,4.1,1160,25,2.1
"17031710900",35.2,48867,9.5,88.2,0,0.8,100,765,0.7,27,180,131,244,582,false,424,451,30.9,4.6,41.9,72.9,77.5,22.5,575,7,1.2
"17031711000",20.7,55197,5.9,90.9,2.3,0.9,97.7,1250,1,66,306,50,489,911,false,795,861,33.6,7.2,53.7,87.3,94.5,5.5,893,18,2
"17031711300",9.1,76524,0,93.4,1.3,5.3,98.7,688,4.3,12,145,41,252,450,false,397,409,32.2,2.7,56,88.2,90.9,9.1,440,10,2.2
"17031711400",19.9,59188,6.9,90.9,0.6,0,99.4,878,4.1,37,397,36,326,796,false,723,760,49.9,4.6,41,90.8,95.5,4.5,790,6,0.8
"17031271200",34.9,31048,2.5,86,8.7,2.7,91.3,420,2,3,82,43,78,206,false,160,163,39.8,1.5,37.9,77.7,79.1,20.9,205,1,0.5
"17031271300",30.1,45046,5,85.3,1,0.9,99,333,0,4,17,23,96,140,false,113,117,12.1,2.9,68.6,80.7,83.6,16.4,137,3,2.1
"17031271400",38,43355,7.5,75.7,14.6,1.6,85.4,530,0,4,33,35,115,187,false,148,152,17.6,2.1,61.5,79.1,81.3,18.7,182,5,2.7
"17031350100",24.7,65000,0,23.6,5.7,64.6,94.3,1484,3.1,0,2,9,2,13,true,4,4,15.4,0,15.4,30.8,30.8,69.2,13,0,0
"17031350400",53.1,20938,3.8,88.5,0,0,100,652,2.4,0,0,13,2,15,true,2,2,0,0,13.3,13.3,13.3,86.7,15,0,0
"17031351000",18.4,61347,4.4,73,2.7,12,97.3,2479,2.1,2,17,71,32,122,false,49,51,13.9,1.6,26.2,40.2,41.8,58.2,122,0,0
"17031351400",29.3,30542,12.4,63.3,6.8,0,93.2,795,1.6,3,68,38,57,166,false,125,128,41,1.8,34.3,75.3,77.1,22.9,166,0,0
"17031360200",46.2,28456,0,95.4,1,0.5,99,809,0.1,0,0,80,6,86,false,6,6,0,0,7,7,7,93,86,0,0
"17031430400",25.7,38034,2.6,89.7,3.4,0,96.6,1322,0,56,190,118,282,646,false,472,528,29.4,8.7,43.7,73.1,81.7,18.3,632,14,2.2
"17031430600",23.9,42487,3.4,90.4,0.7,0.5,99.3,807,0.2,21,81,27,164,293,false,245,266,27.6,7.2,56,83.6,90.8,9.2,285,8,2.7
"17031430800",17.8,47625,0,90.1,0,0,100,803,0,6,229,25,129,389,false,358,364,58.9,1.5,33.2,92,93.6,6.4,382,7,1.8
"17031430500",30.3,36310,0.3,97.6,0.4,0,99.6,2059,0.5,42,67,47,220,376,false,287,329,17.8,11.2,58.5,76.3,87.5,12.5,371,5,1.3
"17031430900",29.4,31357,0,96.9,0.8,0,99.2,854,0,33,78,27,176,314,false,254,287,24.8,10.5,56.1,80.9,91.4,8.6,307,7,2.2
"17031610300",39.2,49901,85.6,8.3,2.8,2.9,97.2,2095,21.8,7,94,103,483,687,false,577,584,13.7,1,70.3,84,85,15,680,7,1
"17031681000",37.5,27844,11.1,80.7,0,1.7,100,1099,2.3,30,164,50,463,707,false,627,657,23.2,4.2,65.5,88.7,92.9,7.1,695,12,1.7
"17031681100",27.6,36083,7.8,92,0.1,0,99.9,878,1.3,41,171,50,479,741,false,650,691,23.1,5.5,64.6,87.7,93.3,6.7,726,15,2
"17031680500",24.4,42639,27.1,66.7,6.2,0,93.8,565,3.8,15,93,20,212,340,false,305,320,27.4,4.4,62.4,89.7,94.1,5.9,330,10,2.9
"17031720100",12.3,149180,15.5,25.8,49,2.2,51,1111,0,44,565,83,571,1263,false,1136,1180,44.7,3.5,45.2,89.9,93.4,6.6,1242,21,1.7
"17031720200",2.6,121080,5.9,48.2,43,0.4,57,1547,0,102,599,125,508,1334,false,1107,1209,44.9,7.6,38.1,83,90.6,9.4,1309,25,1.9
"17031720300",2.9,136914,2.6,28,64,0,36,1473,0.2,32,694,53,599,1378,false,1293,1325,50.4,2.3,43.5,93.8,96.2,3.8,1365,13,0.9
"17031720400",3.1,122396,10.7,4.7,82.6,0.8,17.4,692,0.1,5,412,17,326,760,false,738,743,54.2,0.7,42.9,97.1,97.8,2.2,756,4,0.5
"17031720500",3.2,111250,9,1.1,89.2,0.7,10.8,726,0,6,350,36,356,748,false,706,712,46.8,0.8,47.6,94.4,95.2,4.8,735,13,1.7
"17031720600",5.1,156927,1.3,24.7,72.4,0,27.6,633,0,17,282,24,288,611,false,570,587,46.2,2.8,47.1,93.3,96.1,3.9,604,7,1.1
"17031720700",10.4,98897,3.2,56.7,28.5,0.5,71.5,1269,0,61,325,70,391,847,false,716,777,38.4,7.2,46.2,84.5,91.7,8.3,837,10,1.2
"17031040600",8.3,90921,17.5,5.6,69,1.4,31,1284,3.8,11,98,127,211,447,false,309,320,21.9,2.5,47.2,69.1,71.6,28.4,440,7,1.6
"17031040700",8.1,109205,8.9,2.7,71.6,10.1,28.4,1693,1.7,10,206,97,189,502,false,395,405,41,2,37.6,78.7,80.7,19.3,488,14,2.8
"17031040800",4.2,110179,13.3,1.6,72.5,6.6,27.5,769,0.5,7,140,51,83,281,false,223,230,49.8,2.5,29.5,79.4,81.9,18.1,269,12,4.3
"17031380100",18.5,79734,2.8,89,6.8,0.1,93.2,1049,0.1,3,26,181,149,359,false,175,178,7.2,0.8,41.5,48.7,49.6,50.4,355,4,1.1
"17031380200",45,18690,0.7,78.1,13.8,0,86.2,1212,0,2,16,89,54,161,false,70,72,9.9,1.2,33.5,43.5,44.7,55.3,158,3,1.9
"17031431200",9.2,60110,0.5,97.5,0.7,0,99.3,1281,2.4,20,710,51,180,961,false,890,910,73.9,2.1,18.7,92.6,94.7,5.3,938,23,2.4
"17031431400",40.1,38438,4.4,85.1,7,1.8,93,3288,0,35,114,82,314,545,false,428,463,20.9,6.4,57.6,78.5,85,15,541,4,0.7
"17031050100",3.6,114063,9.5,2.3,82.6,3.4,17.4,1156,0.7,16,88,151,198,453,false,286,302,19.4,3.5,43.7,63.1,66.7,33.3,443,10,2.2
"17031610800",10,125250,25.3,0,57.2,15.3,42.8,608,6.7,11,236,82,106,435,false,342,353,54.3,2.5,24.4,78.6,81.1,18.9,431,4,0.9
"17031611300",20.8,48351,86.7,8.3,5,0,95,1124,24.5,7,97,38,382,524,false,479,486,18.5,1.3,72.9,91.4,92.7,7.3,519,5,1
"17031611400",49.6,32056,98.8,0,1.2,0,98.8,1034,26.7,5,94,31,378,508,false,472,477,18.5,1,74.4,92.9,93.9,6.1,500,8,1.6
"17031611500",21.5,42353,86.7,7.6,5.7,0,94.3,1036,25.9,5,119,28,359,511,false,478,483,23.3,1,70.3,93.5,94.5,5.5,508,3,0.6
"17031611900",28.8,39375,47,53,0,0,100,565,12.2,15,116,43,227,401,false,343,358,28.9,3.7,56.6,85.5,89.3,10.7,394,7,1.7
"17031681200",45.6,23250,0,87.4,4.3,0,95.7,855,0,30,112,52,311,505,false,423,453,22.2,5.9,61.6,83.8,89.7,10.3,496,9,1.8
"17031810400",3.4,148750,4.2,0.9,90.6,2.2,9.4,2076,1.3,0,20,11,421,452,false,441,441,4.4,0,93.1,97.6,97.6,2.4,452,0,0
"17031810600",5.1,80677,29.3,1.4,57.5,10.7,42.5,1869,10.7,0,0,3,3,6,true,3,3,0,0,50,50,50,50,6,0,0
"17031381200",20.4,53750,1.4,92.4,3.1,0,96.9,1096,0,5,21,58,127,211,false,148,153,10,2.4,60.2,70.1,72.5,27.5,208,3,1.4
"17031381400",31,44399,9.7,87.9,0.9,0,99.1,732,2.9,0,44,68,78,190,false,122,122,23.2,0,41.1,64.2,64.2,35.8,189,1,0.5
"17031283100",28.4,61806,17.3,19.8,31.1,24.6,68.9,1428,9.8,6,57,74,116,253,false,173,179,22.5,2.4,45.8,68.4,70.8,29.2,251,2,0.8
"17031283800",18.1,86103,7.5,55.6,24.3,9.8,75.7,1609,1.6,0,0,66,4,70,false,4,4,0,0,5.7,5.7,5.7,94.3,70,0,0
"17031691200",36.3,34444,0.6,97.8,0.6,0,99.4,822,0.3,26,180,105,230,541,false,410,436,33.3,4.8,42.5,75.8,80.6,19.4,530,11,2
"17031691100",20.5,55170,0.1,99.7,0,0,100,1191,0,29,210,53,260,552,false,470,499,38,5.3,47.1,85.1,90.4,9.6,543,9,1.6
"17031730100",24.3,57200,0,95.1,2.4,0,97.6,966,0,10,479,43,423,955,false,902,912,50.2,1,44.3,94.5,95.5,4.5,935,20,2.1
"17031730300",15.6,45278,0,98.6,0,0,100,354,0.7,14,114,15,209,352,false,323,337,32.4,4,59.4,91.8,95.7,4.3,346,6,1.7
"17031730400",13.8,88365,1.3,97,1.6,0,98.4,1395,0,35,617,117,540,1309,false,1157,1192,47.1,2.7,41.3,88.4,91.1,8.9,1290,19,1.5
"17031730500",25.9,64566,0,99.7,0.3,0,99.7,1813,0,43,725,74,791,1633,false,1516,1559,44.4,2.6,48.4,92.8,95.5,4.5,1596,37,2.3
"17031730600",11.3,80500,1.5,96.4,1.5,0,98.5,1082,0,37,527,109,524,1197,false,1051,1088,44,3.1,43.8,87.8,90.9,9.1,1172,25,2.1
"17031381700",,,,,,,,0,,0,0,4,1,5,true,1,1,0,0,20,20,20,80,5,0,0
"17031440300",6.5,55476,5.9,91.9,0,0,100,2150,1.1,16,613,102,756,1487,false,1369,1385,41.2,1.1,50.8,92.1,93.1,6.9,1464,23,1.5
"17031612000",27.3,57396,22.8,77.2,0,0,100,502,8.1,8,173,20,149,350,false,322,330,49.4,2.3,42.6,92,94.3,5.7,340,10,2.9
"17031612100",24.6,25000,34.4,62.5,3.2,0,96.8,350,4.6,7,97,41,160,305,false,257,264,31.8,2.3,52.5,84.3,86.6,13.4,301,4,1.3
"17031620100",4,85256,82,2.6,11.2,4.2,88.8,1238,15.6,4,297,95,684,1080,false,981,985,27.5,0.4,63.3,90.8,91.2,8.8,1062,18,1.7
"17031620200",3.4,64107,67.5,1.9,29.1,1.5,70.9,759,9.6,2,137,59,332,530,false,469,471,25.8,0.4,62.6,88.5,88.9,11.1,514,16,3
"17031620300",12.2,71319,85.7,0,12.4,1.9,87.6,2300,12.9,17,366,73,1101,1557,false,1467,1484,23.5,1.1,70.7,94.2,95.3,4.7,1534,23,1.5
"17031620400",18,62000,87.3,0,7.7,5,92.3,1314,17.3,7,340,69,672,1088,false,1012,1019,31.2,0.6,61.8,93,93.7,6.3,1064,24,2.2
"17031810501",6.3,88194,11.5,1.7,80.9,5.3,19.1,1982,10,0,0,2,0,2,true,0,0,0,0,0,0,0,100,2,0,0
"17031810502",5.9,82037,16.5,0.6,70.8,11.9,29.2,2084,17.4,0,0,0,2,2,true,2,2,0,0,100,100,100,0,2,0,0
"17031730700",18.1,67500,4.8,93.3,0,0,100,774,0.1,29,333,122,404,888,false,737,766,37.5,3.3,45.5,83,86.3,13.7,875,13,1.5
"17031740100",11,109375,15.9,1.1,80.2,1.6,19.8,1243,1,28,530,118,578,1254,false,1108,1136,42.3,2.2,46.1,88.4,90.6,9.4,1242,12,1
"17031740200",6.2,124161,9.6,0.8,79.9,0.8,20.1,2141,0,14,811,172,973,1970,false,1784,1798,41.2,0.7,49.4,90.6,91.3,8.7,1962,8,0.4
"17031740300",4,124250,11.1,0,88.3,0.6,11.7,1929,0.1,14,881,114,713,1722,false,1594,1608,51.2,0.8,41.4,92.6,93.4,6.6,1704,18,1
"17031740400",3.4,91042,10.6,9,76,1,24,1899,0.7,23,761,158,629,1571,false,1390,1413,48.4,1.5,40,88.5,89.9,10.1,1553,18,1.1
"17031381800",14.7,49671,3,89.2,1.9,0.3,98.1,773,0.1,0,39,60,55,154,false,94,94,25.3,0,35.7,61,61,39,151,3,1.9
"17031381900",19.6,65506,3.2,75.1,21.7,0,78.3,521,1.4,5,17,51,96,169,false,113,118,10.1,3,56.8,66.9,69.8,30.2,165,4,2.4
"17031390100",11.4,,4.4,73.2,11,4.5,89,798,0.9,0,42,125,57,224,false,99,99,18.8,0,25.4,44.2,44.2,55.8,223,1,0.4
"17031390200",9.6,109868,3.3,67.5,14.6,7.9,85.4,908,2.2,3,38,126,154,321,false,192,195,11.8,0.9,48,59.8,60.7,39.3,319,2,0.6
"17031390300",42.1,35266,3.6,88.2,3.8,1.8,96.2,1540,0.3,0,8,84,45,137,false,53,53,5.8,0,32.8,38.7,38.7,61.3,137,0,0
"17031390400",42.5,31833,4,86.9,3.9,0.9,96.1,1482,0,6,27,91,151,275,false,178,184,9.8,2.2,54.9,64.7,66.9,33.1,273,2,0.7
"17031390500",17.1,62188,10.3,47.5,30.7,3,69.3,866,0.5,1,25,48,102,176,false,127,128,14.2,0.6,58,72.2,72.7,27.3,170,6,3.4
"17031390600",25.2,94115,1.9,44.6,41.2,4.4,58.8,877,0.5,4,74,63,120,261,false,194,198,28.4,1.5,46,74.3,75.9,24.1,256,5,1.9
"17031390700",18.8,67610,1.6,53,26.8,11.5,73.2,3474,0.8,2,9,69,40,120,false,49,51,7.5,1.7,33.3,40.8,42.5,57.5,120,0,0
"17031440600",21.4,56989,2.9,95.5,0.5,0,99.5,703,2,14,291,169,368,842,false,659,673,34.6,1.7,43.7,78.3,79.9,20.1,815,27,3.2
"17031440900",34.5,43359,0,78.1,19.9,0,80.1,1017,0,38,334,41,450,863,false,784,822,38.7,4.4,52.1,90.8,95.2,4.8,844,19,2.2
"17031440700",16.6,91031,18.6,81.4,0,0,100,557,0,20,220,23,280,543,false,500,520,40.5,3.7,51.6,92.1,95.8,4.2,528,15,2.8
"17031440800",57.6,23750,2.6,94.6,0,1.3,100,708,1,15,147,18,159,339,false,306,321,43.4,4.4,46.9,90.3,94.7,5.3,336,3,0.9
"17031630300",15.1,64871,96.5,1.4,1,1.1,99,1474,24.3,6,262,72,550,890,false,812,818,29.4,0.7,61.8,91.2,91.9,8.1,883,7,0.8
"17031630500",20.6,53235,95.9,1,2.5,0.6,97.5,1646,21.1,9,406,35,530,980,false,936,945,41.4,0.9,54.1,95.5,96.4,3.6,970,10,1
"17031630800",12.8,72582,94.6,1.1,1.8,1.7,98.2,1823,22.7,10,178,29,906,1123,false,1084,1094,15.9,0.9,80.7,96.5,97.4,2.6,1106,17,1.5
"17031630900",8.5,49922,86.6,11.3,1.5,0.1,98.5,1512,11,18,287,38,598,941,false,885,903,30.5,1.9,63.5,94,96,4,923,18,1.9
"17031640100",6.4,67585,89.9,2,8.1,0,91.9,493,15.3,4,71,82,162,319,false,233,237,22.3,1.3,50.8,73,74.3,25.7,313,6,1.9
"17031640300",5.6,86900,65.6,2,30.3,0,69.7,2324,10.9,22,849,192,881,1944,false,1730,1752,43.7,1.1,45.3,89,90.1,9.9,1914,30,1.5
"17031750100",16.3,53273,1.7,89.2,7.8,0.6,92.2,1559,0,34,541,79,734,1388,false,1275,1309,39,2.4,52.9,91.9,94.3,5.7,1373,15,1.1
"17031750200",7.3,79464,6.9,63,24.6,4.8,75.4,1466,0,31,416,73,454,974,false,870,901,42.7,3.2,46.6,89.3,92.5,7.5,949,25,2.6
"17031750300",3.9,120643,4.8,11.1,75.6,0.7,24.4,988,0,16,441,52,338,847,false,779,795,52.1,1.9,39.9,92,93.9,6.1,833,14,1.7
"17031750400",3,108788,10.9,25.8,56.8,1,43.2,1281,0.4,10,571,54,494,1129,false,1065,1075,50.6,0.9,43.8,94.3,95.2,4.8,1113,16,1.4
"17031750500",13,68615,0.8,62.4,24.5,0.2,75.5,1980,0,55,554,198,822,1629,false,1376,1431,34,3.4,50.5,84.5,87.8,12.2,1593,36,2.2
"17031282700",13.3,88646,22.9,36.9,25.8,9.4,74.2,1054,4.8,7,50,348,166,571,false,216,223,8.8,1.2,29.1,37.8,39.1,60.9,568,3,0.5
"17031282800",13.8,85000,45.2,10.6,26.3,14.5,73.7,604,2.9,6,63,95,160,324,false,223,229,19.4,1.9,49.4,68.8,70.7,29.3,322,2,0.6
"17031400300",16.7,71288,1.2,90.4,3.9,0.8,96.1,602,1.7,4,30,44,75,153,false,105,109,19.6,2.6,49,68.6,71.2,28.8,151,2,1.3
"17031400500",43.5,24659,2,95.4,1.5,0,98.5,1204,0.9,1,90,33,73,197,false,163,164,45.7,0.5,37.1,82.7,83.2,16.8,194,3,1.5
"17031400800",71.5,22648,2.2,97,0,0,100,1328,0,1,13,40,106,160,false,119,120,8.1,0.6,66.2,74.4,75,25,157,3,1.9
"17031410100",15,58667,4.1,50.1,22.9,13.3,77.1,1428,0,0,5,38,32,75,false,37,37,6.7,0,42.7,49.3,49.3,50.7,75,0,0
"17031410500",29.1,73041,5.1,52.4,20.6,14,79.4,1692,1.3,8,34,143,105,290,false,139,147,11.7,2.8,36.2,47.9,50.7,49.3,284,6,2.1
"17031410600",34.3,48071,9.5,24.9,40.1,16.5,59.9,1158,0.2,11,42,82,109,244,false,151,162,17.2,4.5,44.7,61.9,66.4,33.6,238,6,2.5
"17031460100",21.8,48207,18.5,71.2,7.2,0,92.8,977,4,28,324,91,370,813,false,694,722,39.9,3.4,45.5,85.4,88.8,11.2,796,17,2.1
"17031450300",14.5,46207,1,94,0.8,0.3,99.2,1490,0.9,34,617,102,516,1269,false,1133,1167,48.6,2.7,40.7,89.3,92,8,1219,50,3.9
"17031460200",36.2,29246,57.6,39,2.9,0.5,97.1,925,13.3,11,127,94,289,521,false,416,427,24.4,2.1,55.5,79.8,82,18,476,45,8.6
"17031640400",8.5,93488,49.8,1.4,48.5,0,51.5,1214,9.6,11,405,100,590,1106,false,995,1006,36.6,1,53.3,90,91,9,1090,16,1.4
"17031640500",8.1,76250,53,1.4,41.6,0,58.4,1632,11.9,1,320,224,491,1036,false,811,812,30.9,0.1,47.4,78.3,78.4,21.6,1026,10,1
"17031640600",7.7,74773,61,0.4,36.5,2.1,63.5,1806,5.9,5,320,78,590,993,false,910,915,32.2,0.5,59.4,91.6,92.1,7.9,981,12,1.2
"17031640700",7.2,78533,79.2,1.5,19.1,0.1,80.9,1063,5.8,90,280,66,602,1038,false,882,972,27,8.7,58,85,93.6,6.4,1028,10,1
"17031640800",18.3,40556,76.2,1.2,20.6,2,79.4,594,11.5,0,272,26,150,448,false,422,422,60.7,0,33.5,94.2,94.2,5.8,439,9,2
"17031650100",12.2,65852,83.9,0.6,15.2,0,84.8,1413,10.2,25,205,35,735,1000,false,940,965,20.5,2.5,73.5,94,96.5,3.5,987,13,1.3
"17031650200",6.1,93041,84.6,0,11.1,4.2,88.9,2172,7.4,12,686,75,838,1611,false,1524,1536,42.6,0.7,52,94.6,95.3,4.7,1588,23,1.4
"17031750600",27.9,58494,5.4,91.8,1.3,0,98.7,1234,0,12,633,93,638,1376,false,1271,1283,46,0.9,46.4,92.4,93.2,6.8,1315,61,4.4
"17031410700",28.5,57000,8.2,27.8,37.8,16.9,62.2,1236,0.8,6,72,43,109,230,false,181,187,31.3,2.6,47.4,78.7,81.3,18.7,225,5,2.2
"17031410800",17.3,63091,8.1,18.6,43.1,19.4,56.9,1646,0.3,1,146,46,41,234,false,187,188,62.4,0.4,17.5,79.9,80.3,19.7,230,4,1.7
"17031410900",15.2,75562,13.4,23.4,49.4,8.7,50.6,1958,0.2,3,7,79,78,167,false,85,88,4.2,1.8,46.7,50.9,52.7,47.3,166,1,0.6
"17031411000",24.5,69014,5.5,29.6,40.8,15.7,59.2,2454,0,1,14,47,42,104,false,56,57,13.5,1,40.4,53.8,54.8,45.2,102,2,1.9
"17031411100",9.2,123611,5,3.4,55.4,21.2,44.6,976,0.9,3,112,42,170,327,false,282,285,34.3,0.9,52,86.2,87.2,12.8,325,2,0.6
"17031411200",16.5,93958,6.7,7.6,58.8,19.3,41.2,799,0.8,6,65,62,164,297,false,229,235,21.9,2,55.2,77.1,79.1,20.9,291,6,2
"17031460400",23.4,70472,0,95.3,0.8,0.5,99.2,1333,0.3,25,343,90,483,941,false,826,851,36.5,2.7,51.3,87.8,90.4,9.6,925,16,1.7
"17031460500",18.6,54850,1.1,89.4,8.2,0,91.8,2739,0,83,818,78,752,1731,false,1570,1653,47.3,4.8,43.4,90.7,95.5,4.5,1698,33,1.9
"17031461000",40.9,14311,34.6,59.4,5.4,0,94.6,741,6.1,1,55,47,114,217,false,169,170,25.3,0.5,52.5,77.9,78.3,21.7,215,2,0.9
"17031561000",6.4,85741,48.3,0,51.7,0,48.3,2294,4.3,17,774,217,954,1962,false,1728,1745,39.4,0.9,48.6,88.1,88.9,11.1,1924,38,1.9
"17031100200",2.3,113767,29.9,0.4,65.5,2.7,34.5,2830,2,33,738,242,976,1989,false,1714,1747,37.1,1.7,49.1,86.2,87.8,12.2,1929,60,3
"17031020200",5.4,115559,29,6.2,45.8,13.5,54.2,1999,7.7,4,573,121,1003,1701,false,1576,1580,33.7,0.2,59,92.7,92.9,7.1,1681,20,1.2
"17031420100",39.5,22215,0,95.4,1.7,0.4,98.3,823,1,0,3,30,7,40,false,10,10,7.5,0,17.5,25,25,75,40,0,0
"17031420200",41.3,39688,2.4,63.1,23.3,6.9,76.7,689,1,2,6,87,55,150,false,61,63,4,1.3,36.7,40.7,42,58,149,1,0.7
"17031420400",32.5,38605,14.5,56.1,17.8,7.9,82.2,720,1,2,4,73,39,118,false,43,45,3.4,1.7,33.1,36.4,38.1,61.9,118,0,0
"17031420700",42.5,28605,2.5,94,0.1,0,99.9,1168,0.7,18,171,97,525,811,false,696,714,21.1,2.2,64.7,85.8,88,12,787,24,3
"17031420800",15.4,56357,0,88.2,4,0,96,1016,0,8,98,101,184,391,false,282,290,25.1,2,47.1,72.1,74.2,25.8,385,6,1.5
"17031470100",23.5,46614,5.2,91.8,0,0,100,932,0.2,46,326,102,393,867,false,719,765,37.6,5.3,45.3,82.9,88.2,11.8,855,12,1.4
"17031480100",19.2,71719,0,98.6,0,0,100,915,0,9,360,28,454,851,false,814,823,42.3,1.1,53.3,95.7,96.7,3.3,841,10,1.2
"17031480200",17.5,49667,3.8,92.7,0,0.3,100,600,0,1,181,12,188,382,false,369,370,47.4,0.3,49.2,96.6,96.9,3.1,376,6,1.6
"17031480300",23.9,54268,7,90.7,1.2,0,98.8,488,1.3,17,228,17,207,469,false,435,452,48.6,3.6,44.1,92.8,96.4,3.6,466,3,0.6
"17031480400",5.8,78064,0.2,98.2,0,0.5,100,2357,0,29,1098,81,1134,2342,false,2232,2261,46.9,1.2,48.4,95.3,96.5,3.5,2311,31,1.3
"17031650400",22.9,82758,93.4,1.1,4.4,1.1,95.6,1651,23.8,5,357,41,1153,1556,false,1510,1515,22.9,0.3,74.1,97,97.4,2.6,1538,18,1.2
"17031650500",18.2,64432,71.3,9.2,17.6,1.5,82.4,1547,17.8,1,258,61,614,934,false,872,873,27.6,0.1,65.7,93.4,93.5,6.5,923,11,1.2
"17031660400",21.2,50710,94.6,1.5,2.9,0,97.1,1521,21.3,22,234,47,742,1045,false,976,998,22.4,2.1,71,93.4,95.5,4.5,1031,14,1.3
"17031290900",39.4,46189,0.5,96.9,1.7,0,98.3,1302,0.5,8,156,213,399,776,false,555,563,20.1,1,51.4,71.5,72.6,27.4,764,12,1.5
"17031291200",31.1,24555,0.8,99,0.1,0,99.9,693,0,1,85,114,116,316,false,201,202,26.9,0.3,36.7,63.6,63.9,36.1,312,4,1.3
"17031421200",12.3,45972,0.9,95.4,0.1,0,99.9,699,0,8,117,21,179,325,false,296,304,36,2.5,55.1,91.1,93.5,6.5,321,4,1.2
"17031271500",23.6,50926,7.6,90.3,1.1,0,98.9,474,1,6,25,175,85,291,false,110,116,8.6,2.1,29.2,37.8,39.9,60.1,288,3,1
"17031292200",18.1,37028,8.6,81.4,1.6,0.6,98.4,956,3.6,9,62,94,333,498,false,395,404,12.4,1.8,66.9,79.3,81.1,18.9,488,10,2
"17031292400",41.5,40152,1.5,79.6,18.9,0,81.1,696,0,6,126,53,184,369,false,310,316,34.1,1.6,49.9,84,85.6,14.4,364,5,1.4
"17031292500",20.6,54968,24.5,68.9,0,0,100,1488,0,15,360,56,384,815,false,744,759,44.2,1.8,47.1,91.3,93.1,6.9,803,12,1.5
"17031271800",4.3,51550,4.8,86.1,9.1,0,90.9,303,0,7,29,36,115,187,false,144,151,15.5,3.7,61.5,77,80.7,19.3,185,2,1.1
"17031280100",2.5,148319,4.1,4.4,69.6,16.7,30.4,5426,1.3,1,2,142,32,177,false,34,35,1.1,0.6,18.1,19.2,19.8,80.2,177,0,0
"17031280400",21.5,36681,13.6,77.8,7.6,1.1,92.4,561,0,2,13,65,121,201,false,134,136,6.5,1,60.2,66.7,67.7,32.3,201,0,0
"17031300600",18.8,51092,88.5,6.2,5.2,0,94.8,959,18.4,2,98,36,300,436,false,398,400,22.5,0.5,68.8,91.3,91.7,8.3,429,7,1.6
"17031300700",10.5,49206,94.9,0.8,1.1,3.3,98.9,1797,31.1,7,147,37,393,584,false,540,547,25.2,1.2,67.3,92.5,93.7,6.3,576,8,1.4
"17031301100",13.9,44598,85.5,2.5,11.9,0,88.1,777,24.7,6,55,25,202,288,false,257,263,19.1,2.1,70.1,89.2,91.3,8.7,280,8,2.8
"17031301200",24.8,53654,59.3,33.5,5.1,0.9,94.9,1624,14.4,2,86,44,366,498,false,452,454,17.3,0.4,73.5,90.8,91.2,8.8,491,7,1.4
"17031480500",26.8,59484,19,77.4,1.4,0,98.6,1161,1.1,49,438,44,508,1039,false,946,995,42.2,4.7,48.9,91,95.8,4.2,1016,23,2.2
"17031490500",8,78319,0.8,93.4,4.4,1.1,95.6,727,0.6,10,398,30,287,725,false,685,695,54.9,1.4,39.6,94.5,95.9,4.1,717,8,1.1
"17031520200",30.2,46803,87,3.2,7.8,0,92.2,1113,7.5,19,168,45,494,726,false,662,681,23.1,2.6,68,91.2,93.8,6.2,714,12,1.7
"17031520300",12.9,54175,86.1,4.9,8.6,0,91.4,2017,17.5,32,463,52,946,1493,false,1409,1441,31,2.1,63.4,94.4,96.5,3.5,1471,22,1.5
"17031520400",18.6,49494,83.4,2.3,13.6,0,86.4,1434,2.9,71,390,41,586,1088,false,976,1047,35.8,6.5,53.9,89.7,96.2,3.8,1072,16,1.5
"17031520500",13.3,84563,84,0.3,14.2,0.9,85.8,1545,9.5,6,664,147,632,1449,false,1296,1302,45.8,0.4,43.6,89.4,89.9,10.1,1435,14,1
"17031520600",7.7,70750,86.5,0,13.5,0,86.5,805,4.1,6,328,35,421,790,false,749,755,41.5,0.8,53.3,94.8,95.6,4.4,780,10,1.3
"17031660500",11.6,66944,89.2,4.8,4.6,0.2,95.4,1524,23.3,32,193,35,665,925,false,858,890,20.9,3.5,71.9,92.8,96.2,3.8,916,9,1
"17031660600",25,39913,54.7,36.8,2.2,0,97.8,2087,15.3,36,293,53,693,1075,false,986,1022,27.3,3.3,64.5,91.7,95.1,4.9,1052,23,2.1
"17031660700",27.7,32864,23.9,75.8,0,0.3,100,610,6.5,19,244,29,287,579,false,531,550,42.1,3.3,49.6,91.7,95,5,566,13,2.2
"17031660800",36.2,43569,47.4,47.7,1.1,0.8,98.9,2211,7.3,30,328,46,605,1009,false,933,963,32.5,3,60,92.5,95.4,4.6,986,23,2.3
"17031660900",33.5,45572,36.7,59.1,2.5,0,97.5,1627,13.3,21,237,47,528,833,false,765,786,28.5,2.5,63.4,91.8,94.4,5.6,815,18,2.2
"17031661000",26,49652,31.8,57.1,2.1,0.6,97.9,2067,7.6,38,579,68,753,1438,false,1332,1370,40.3,2.6,52.4,92.6,95.3,4.7,1406,32,2.2
"17031280900",21.1,,0,74.5,14.2,9.5,85.8,402,1.9,1,8,56,19,84,false,27,28,9.5,1.2,22.6,32.1,33.3,66.7,84,0,0
"17031301600",28.8,30158,90.4,3.9,4.5,0,95.5,1493,39.1,4,160,35,465,664,false,625,629,24.1,0.6,70,94.1,94.7,5.3,658,6,0.9
"17031490600",19.4,66927,3,86.8,8.8,1.4,91.2,521,0,8,246,25,328,607,false,574,582,40.5,1.3,54,94.6,95.9,4.1,598,9,1.5
"17031490700",30.9,42083,3,90.5,0.5,0,99.5,866,0,26,469,41,487,1023,false,956,982,45.8,2.5,47.6,93.5,96,4,991,32,3.1
"17031490800",5.2,47212,0.8,98,0,0,100,1202,0,27,618,55,603,1303,false,1221,1248,47.4,2.1,46.3,93.7,95.8,4.2,1271,32,2.5
"17031491000",35.5,33065,6.3,79.9,13.1,0,86.9,1185,7.9,84,524,63,808,1479,false,1332,1416,35.4,5.7,54.6,90.1,95.7,4.3,1455,24,1.6
"17031491100",9.2,77045,2,93,1.9,0.2,98.1,1356,0.2,23,699,56,799,1577,false,1498,1521,44.3,1.5,50.7,95,96.4,3.6,1547,30,1.9
"17031530200",20.7,39579,11.8,84.1,3,0,97,1421,0.6,123,506,63,810,1502,false,1316,1439,33.7,8.2,53.9,87.6,95.8,4.2,1480,22,1.5
"17031530300",14.5,56924,3.2,92,1.2,0,98.8,1590,1.3,22,611,72,877,1582,false,1488,1510,38.6,1.4,55.4,94.1,95.4,4.6,1555,27,1.7
"17031530400",19.3,83836,4.2,90.5,2.3,0,97.7,815,0,17,300,114,370,801,false,670,687,37.5,2.1,46.2,83.6,85.8,14.2,789,12,1.5
"17031530600",19.9,41678,0.7,97.5,0,0,100,948,0,24,307,50,477,858,false,784,808,35.8,2.8,55.6,91.4,94.2,5.8,840,18,2.1
"17031560100",8.6,69491,53.2,18.6,11.3,16.4,88.7,315,8.6,3,82,47,182,314,false,264,267,26.1,1,58,84.1,85,15,312,2,0.6
"17031670200",25.3,96152,5.7,94.3,0,0,100,484,3.8,14,99,23,183,319,false,282,296,31,4.4,57.4,88.4,92.8,7.2,315,4,1.3
"17031670300",39.5,35038,14.4,81.1,4.4,0,95.6,429,2.1,14,84,27,191,316,false,275,289,26.6,4.4,60.4,87,91.5,8.5,307,9,2.8
"17031670400",32.5,33482,14.8,83.6,1,0,99,633,0.6,29,102,26,273,430,false,375,404,23.7,6.7,63.5,87.2,94,6,417,13,3
"17031661100",11.6,69196,71.6,24.7,3,0,97,1992,11.4,12,466,43,1075,1596,false,1541,1553,29.2,0.8,67.4,96.6,97.3,2.7,1572,24,1.5
"17031670100",25.3,36313,38.6,60,1.3,0,98.7,451,6.3,18,109,21,194,342,false,303,321,31.9,5.3,56.7,88.6,93.9,6.1,336,6,1.8
"17031670600",41.6,39000,44.9,53.4,0.7,0,99.3,380,15.3,22,131,17,233,403,false,364,386,32.5,5.5,57.8,90.3,95.8,4.2,395,8,2
"17031670700",48.3,29541,34.1,54.6,0,0,100,296,6.7,17,130,20,198,365,false,328,345,35.6,4.7,54.2,89.9,94.5,5.5,363,2,0.5
"17031670800",21.8,43145,16.5,82.6,0.5,0,99.5,422,1.3,15,139,33,243,430,false,382,397,32.3,3.5,56.5,88.8,92.3,7.7,416,14,3.3
"17031670900",37.7,30542,25.7,74.3,0,0,100,521,6.9,11,112,41,218,382,false,330,341,29.3,2.9,57.1,86.4,89.3,10.7,379,3,0.8
"17031260900",47.1,20841,2.8,87.6,8.1,0,91.9,403,0,13,65,38,145,261,false,210,223,24.9,5,55.6,80.5,85.4,14.6,253,8,3.1
"17031261000",20.2,48482,3.4,96.6,0,0,100,928,3.5,18,219,54,208,499,false,427,445,43.9,3.6,41.7,85.6,89.2,10.8,488,11,2.2
"17031281900",9.7,125918,16.9,8.1,41.4,28.2,58.6,4296,1.8,1,1,74,12,88,false,13,14,1.1,1.1,13.6,14.8,15.9,84.1,88,0,0
"17031310200",4,122422,28.8,7.2,38,19.7,62,792,3.6,2,37,90,201,330,false,238,240,11.2,0.6,60.9,72.1,72.7,27.3,327,3,0.9
"17031310300",9.1,75605,75.6,2.4,17.2,1.8,82.8,794,17.5,4,49,92,168,313,false,217,221,15.7,1.3,53.7,69.3,70.6,29.4,309,4,1.3
"17031310400",11.1,80786,63.5,1.4,27.2,1.4,72.8,679,11.1,0,24,54,134,212,false,158,158,11.3,0,63.2,74.5,74.5,25.5,210,2,0.9
"17031310500",15,52344,80.2,3.2,15.7,0.9,84.3,683,16.6,3,15,63,161,242,false,176,179,6.2,1.2,66.5,72.7,74,26,239,3,1.2
"17031491200",16.1,60417,3.1,93.3,1.5,0,98.5,620,0.2,58,258,29,402,747,false,660,718,34.5,7.8,53.8,88.4,96.1,3.9,735,12,1.6
"17031491300",30.3,39615,6.4,92.2,0.3,0,99.7,652,0.5,49,258,37,399,743,false,657,706,34.7,6.6,53.7,88.4,95,5,729,14,1.9
"17031491400",22.6,38491,1.5,94.4,0.6,0,99.4,1075,0,26,259,48,346,679,false,605,631,38.1,3.8,51,89.1,92.9,7.1,667,12,1.8
"17031500100",16.4,67708,1.4,95.1,2,0,98,1497,0,18,440,43,412,913,false,852,870,48.2,2,45.1,93.3,95.3,4.7,893,20,2.2
"17031500200",24.9,40720,4.8,81.3,0,4.5,100,798,1.9,19,175,82,341,617,false,516,535,28.4,3.1,55.3,83.6,86.7,13.3,605,12,1.9
"17031500300",26.3,51336,21.4,29.5,46.3,0.2,53.7,925,4,17,373,42,212,644,false,585,602,57.9,2.6,32.9,90.8,93.5,6.5,634,10,1.6
"17031560200",7.2,73125,55,34.9,2.3,3.6,97.7,519,11.7,4,159,26,355,544,false,514,518,29.2,0.7,65.3,94.5,95.2,4.8,539,5,0.9
"17031560300",13.1,61979,74.5,4.8,17.4,2.4,82.6,1077,19.6,3,277,34,660,974,false,937,940,28.4,0.3,67.8,96.2,96.5,3.5,961,13,1.3
"17031560700",12.1,80573,70.3,0,27.9,1.4,72.1,1319,12,9,209,102,616,936,false,825,834,22.3,1,65.8,88.1,89.1,10.9,923,13,1.4
"17031560800",4.1,105886,59.7,0,39.9,0.3,60.1,1947,8.3,15,594,229,961,1799,false,1555,1570,33,0.8,53.4,86.4,87.3,12.7,1766,33,1.8
"17031560900",8,106487,45.1,0,51.5,0.6,48.5,1879,2.7,11,757,141,1045,1954,false,1802,1813,38.7,0.6,53.5,92.2,92.8,7.2,1933,21,1.1
"17031010300",8,65871,22.6,20.6,49,5.4,51,3185,7,20,42,112,190,364,false,232,252,11.5,5.5,52.2,63.7,69.2,30.8,347,17,4.7
"17031010400",16.2,49017,7.9,6.9,74.1,7.6,25.9,2058,0,2,20,82,116,220,false,136,138,9.1,0.9,52.7,61.8,62.7,37.3,219,1,0.5
"17031010600",17.7,71920,19,16.7,54.2,3.8,45.8,3066,3.2,15,118,97,251,481,false,369,384,24.5,3.1,52.2,76.7,79.8,20.2,475,6,1.2
"17031020100",17.3,69850,27.6,39.3,20.8,4.5,79.2,1644,12.3,5,161,65,214,445,false,375,380,36.2,1.1,48.1,84.3,85.4,14.6,441,4,0.9
"17031280800",28.1,31500,7.4,81,4.6,0,95.4,432,0,3,7,81,34,125,false,41,44,5.6,2.4,27.2,32.8,35.2,64.8,124,1,0.8
"17031420300",33.7,42881,7.4,29,38.6,19.7,61.4,663,0.6,1,8,110,55,174,false,63,64,4.6,0.6,31.6,36.2,36.8,63.2,173,1,0.6
"17031130200",13,103611,42.9,0,44.3,10.5,55.7,720,5.1,19,68,168,122,377,false,190,209,18,5,32.4,50.4,55.4,44.6,371,6,1.6
"17031240200",7.1,172019,23,3.8,62.2,5.4,37.8,805,8.7,0,10,166,85,261,false,95,95,3.8,0,32.6,36.4,36.4,63.6,260,1,0.4
"17031611800",7.6,50250,68.8,29.4,0,1.8,100,507,11.8,20,108,24,292,444,false,400,420,24.3,4.5,65.8,90.1,94.6,5.4,437,7,1.6
"17031030300",10.3,67143,22.7,19,32.3,20,67.7,1470,12.9,8,159,62,209,438,false,368,376,36.3,1.8,47.7,84,85.8,14.2,433,5,1.1
"17031030400",13.1,97442,21.1,5.5,59,11.9,41,1354,4.8,10,125,187,141,463,false,266,276,27,2.2,30.5,57.5,59.6,40.4,456,7,1.5
"17031020400",15.5,81840,28.8,24.8,35.6,7.6,64.4,1707,5.5,31,172,94,289,586,false,461,492,29.4,5.3,49.3,78.7,84,16,581,5,0.9
"17031080202",12.3,104129,12.6,2.4,76.3,5.1,23.7,2838,0.8,0,11,87,59,157,false,70,70,7,0,37.6,44.6,44.6,55.4,156,1,0.6
"17031060200",6.4,91081,15.8,6.3,71,2.8,29,1196,0.6,6,51,131,147,335,false,198,204,15.2,1.8,43.9,59.1,60.9,39.1,332,3,0.9
"17031221200",16.1,126481,31.1,14.2,46.2,3.3,53.8,1298,2.4,4,75,128,175,382,false,250,254,19.6,1,45.8,65.4,66.5,33.5,368,14,3.7
"17031061200",6.3,118398,15.9,5.6,71.4,1.6,28.6,867,1.7,1,23,123,165,312,false,188,189,7.4,0.3,52.9,60.3,60.6,39.4,310,2,0.6
"17031030200",11.4,103758,25,2.8,59.3,6.4,40.7,2533,0.7,45,261,148,508,962,false,769,814,27.1,4.7,52.8,79.9,84.6,15.4,947,15,1.6
"17031030900",4.4,97375,10.1,4,71.5,7.5,28.5,1576,1.4,22,157,127,295,601,false,452,474,26.1,3.7,49.1,75.2,78.9,21.1,592,9,1.5
"17031031000",5.3,117114,18.7,2.7,62.9,11.9,37.1,2073,2.2,17,92,179,247,535,false,339,356,17.2,3.2,46.2,63.4,66.5,33.5,527,8,1.5
"17031980000",,,,,,,,0,,0,0,8,0,8,true,0,0,0,0,0,0,0,100,8,0,0
"17031600600",12.6,72210,22.5,0,26.7,50.2,73.3,1113,23.8,24,135,160,349,668,false,484,508,20.2,3.6,52.2,72.5,76,24,658,10,1.5
"17031420600",36.8,43063,0,89.3,2.1,0,97.9,989,0,2,67,45,166,280,false,233,235,23.9,0.7,59.3,83.2,83.9,16.1,273,7,2.5
"17031110100",7.2,94141,18.5,0.8,57,21.9,43,2325,8.8,43,597,106,880,1626,false,1477,1520,36.7,2.6,54.1,90.8,93.5,6.5,1593,33,2
"17031031400",4.9,87500,8.9,6.6,70.9,10.6,29.1,3182,1.1,1,8,64,69,142,false,77,78,5.6,0.7,48.6,54.2,54.9,45.1,138,4,2.8
"17031040900",3.7,92167,12.7,2.5,76.7,3.2,23.3,1136,3.3,8,91,130,109,338,false,200,208,26.9,2.4,32.2,59.2,61.5,38.5,333,5,1.5
"17031050200",4.7,124167,15.5,1,72.6,6.8,27.4,2126,1.2,19,318,462,366,1165,false,684,703,27.3,1.6,31.4,58.7,60.3,39.7,1159,6,0.5
"17031050300",4.7,166681,21.5,1,51.9,17.5,48.1,1091,2.4,11,226,223,209,669,false,435,446,33.8,1.6,31.2,65,66.7,33.3,655,14,2.1
"17031031700",10.2,82774,11.3,13.6,65.5,4.8,34.5,3187,1.5,1,68,154,189,412,false,257,258,16.5,0.2,45.9,62.4,62.6,37.4,408,4,1
"17031610400",18,35938,95.6,1,3.4,0,96.6,604,21.1,7,18,26,204,255,false,222,229,7.1,2.7,80,87.1,89.8,10.2,253,2,0.8
"17031050600",5.7,114940,8.1,0.8,79.8,5.2,20.2,1191,0,8,88,171,155,422,false,243,251,20.9,1.9,36.7,57.6,59.5,40.5,419,3,0.7
"17031071700",7.9,149821,1.3,4.7,82.2,7.6,17.8,663,0.8,1,31,102,160,294,false,191,192,10.5,0.3,54.4,65,65.3,34.7,291,3,1
"17031031800",13.4,86159,15.4,4.4,53.4,13.3,46.6,983,2.5,2,40,120,100,262,false,140,142,15.3,0.8,38.2,53.4,54.2,45.8,260,2,0.8
"17031050500",1.8,144250,6.6,0,84.2,6,15.8,1993,1,10,366,407,282,1065,false,648,658,34.4,0.9,26.5,60.8,61.8,38.2,1046,19,1.8
"17031071600",5.4,242250,3,3.3,86.8,5.6,13.2,733,0,1,37,138,130,306,false,167,168,12.1,0.3,42.5,54.6,54.9,45.1,305,1,0.3
"17031671400",42.9,29469,24.7,57.4,0,0,100,566,11,20,190,21,282,513,false,472,492,37,3.9,55,92,95.9,4.1,501,12,2.3
"17031062300",5.2,244286,8.4,1,78.4,7.7,21.6,586,0,0,32,201,92,325,false,124,124,9.8,0,28.3,38.2,38.2,61.8,325,0,0
"17031630400",8.3,58147,97.8,0.3,1.2,0.7,98.8,1793,27.8,27,349,32,716,1124,false,1065,1092,31,2.4,63.7,94.8,97.2,2.8,1114,10,0.9
"17031010100",14,69460,21.7,36.9,34.8,3.7,65.2,2190,2.3,5,24,73,166,268,false,190,195,9,1.9,61.9,70.9,72.8,27.2,263,5,1.9
"17031680600",16.9,52237,0,100,0,0,100,410,0,9,67,19,212,307,false,279,288,21.8,2.9,69.1,90.9,93.8,6.2,301,6,2
"17031030500",4.2,123464,19.7,5.6,59.9,3,40.1,3021,2.6,29,199,140,437,805,false,636,665,24.7,3.6,54.3,79,82.6,17.4,794,11,1.4
"17031171100",7.9,94830,53.6,2.9,37,4.8,63,1343,10.4,15,330,50,676,1071,false,1006,1021,30.8,1.4,63.1,93.9,95.3,4.7,1058,13,1.2
"17031180100",14.2,97301,52.3,6,38,2.6,62,2289,11.1,29,521,164,845,1559,false,1366,1395,33.4,1.9,54.2,87.6,89.5,10.5,1539,20,1.3
"17031251900",37.3,35047,11.1,85,1.6,0,98.4,2418,4.6,10,191,71,305,577,false,496,506,33.1,1.7,52.9,86,87.7,12.3,564,13,2.3
"17031020500",32.8,46458,16.8,16.8,19.8,29.4,80.2,2184,15.4,3,66,49,298,416,false,364,367,15.9,0.7,71.6,87.5,88.2,11.8,414,2,0.5
"17031081300",10.7,115260,6,8.8,66.5,15.8,33.5,3853,0.7,2,1,55,2,60,false,3,5,1.7,3.3,3.3,5,8.3,91.7,60,0,0
"17031081000",14.7,81616,6.5,10.4,69.6,10.3,30.4,5415,2.8,8,12,107,59,186,false,71,79,6.5,4.3,31.7,38.2,42.5,57.5,186,0,0
"17031130100",20.1,41336,4,2.8,63.2,25.7,36.8,1805,13.3,9,322,139,728,1198,false,1050,1059,26.9,0.8,60.8,87.6,88.4,11.6,1178,20,1.7
"17031170200",5.7,90625,45.3,0.4,49,2.9,51,1293,13.6,40,377,62,585,1064,false,962,1002,35.4,3.8,55,90.4,94.2,5.8,1053,11,1
"17031170300",4.1,95328,33.7,0,57.6,5.6,42.4,1838,10.6,17,674,195,580,1466,false,1254,1271,46,1.2,39.6,85.5,86.7,13.3,1451,15,1
"17031170400",7.3,105524,28.5,5.2,60.9,2.3,39.1,1609,7.3,12,369,101,796,1278,false,1165,1177,28.9,0.9,62.3,91.2,92.1,7.9,1265,13,1
"17031170500",2.6,85395,26.7,2.4,62.1,5,37.9,2076,4.4,12,554,149,938,1653,false,1492,1504,33.5,0.7,56.7,90.3,91,9,1644,9,0.5
"17031170600",12.5,78187,23.6,3.4,64.1,8.7,35.9,965,7.1,7,265,97,500,869,false,765,772,30.5,0.8,57.5,88,88.8,11.2,864,5,0.6
"17031170700",6.8,82284,30.8,1.8,61.1,3.9,38.9,1153,11.6,14,282,96,577,969,false,859,873,29.1,1.4,59.5,88.6,90.1,9.9,956,13,1.3
"17031170800",9.4,71897,37.3,1,53.1,6.3,46.9,1498,10.7,13,348,91,682,1134,false,1030,1043,30.7,1.1,60.1,90.8,92,8,1116,18,1.6
"17031251400",31.8,21049,5,84.4,9.6,0,90.4,2109,1.8,10,165,85,388,648,false,553,563,25.5,1.5,59.9,85.3,86.9,13.1,627,21,3.2
"17031260300",36.3,,10.6,87.7,1.6,0,98.4,469,1,1,52,33,165,251,false,217,218,20.7,0.4,65.7,86.5,86.9,13.1,249,2,0.8
"17031260500",22.2,40991,2.6,97.3,0.1,0,99.9,603,0,10,125,22,184,341,false,309,319,36.7,2.9,54,90.6,93.5,6.5,337,4,1.2
"17031260600",17.9,42875,1.3,96.7,1.3,0.7,98.7,670,0,13,127,33,222,395,false,349,362,32.2,3.3,56.2,88.4,91.6,8.4,386,9,2.3
"17031260700",34.5,46167,16.4,82.2,1.4,0,98.6,484,4.9,11,62,45,223,341,false,285,296,18.2,3.2,65.4,83.6,86.8,13.2,331,10,2.9
"17031260800",31.3,36681,0.4,93.1,5.3,0,94.7,655,0,14,35,52,219,320,false,254,268,10.9,4.4,68.4,79.4,83.8,16.2,313,7,2.2
"17031050700",8.8,130699,11.7,0.3,83.3,1.3,16.7,691,1.5,8,84,85,115,292,false,199,207,28.8,2.7,39.4,68.2,70.9,29.1,286,6,2.1
"17031050900",3.9,136053,15.6,0.5,75.6,3.3,24.4,662,1.4,7,54,114,130,305,false,184,191,17.7,2.3,42.6,60.3,62.6,37.4,301,4,1.3
"17031051000",3.1,184464,8.5,6.1,70.6,8.9,29.4,695,0.3,8,34,130,139,311,false,173,181,10.9,2.6,44.7,55.6,58.2,41.8,308,3,1
"17031051100",7.7,181827,20,0.4,68.8,5.2,31.2,737,2.9,2,41,185,112,340,false,153,155,12.1,0.6,32.9,45,45.6,54.4,338,2,0.6
"17031051200",5.6,174598,9.1,2.7,77.4,4.2,22.6,645,0.3,1,56,151,131,339,false,187,188,16.5,0.3,38.6,55.2,55.5,44.5,337,2,0.6
"17031170900",28,61771,57,2.9,38.3,0.8,61.7,638,18.5,5,145,50,272,472,false,417,422,30.7,1.1,57.6,88.3,89.4,10.6,468,4,0.8
"17031171000",8.7,82790,37.6,1.7,46.4,11.1,53.6,2697,8.6,35,691,127,1248,2101,false,1939,1974,32.9,1.7,59.4,92.3,94,6,2076,25,1.2
"17031190100",6.5,53717,86.2,2.4,9.2,0.9,90.8,857,27.8,2,167,25,136,330,false,303,305,50.6,0.6,41.2,91.8,92.4,7.6,322,8,2.4
"17031222200",4.8,188065,7.9,0.9,85.8,3,14.2,1018,4.7,12,77,245,142,476,false,219,231,16.2,2.5,29.8,46,48.5,51.5,471,5,1.1
"17031222500",5.9,155878,21.9,2.9,69.8,3.9,30.2,549,2.2,9,52,64,134,259,false,186,195,20.1,3.5,51.7,71.8,75.3,24.7,259,0,0
"17031222600",7.2,94688,31.2,5.5,53.5,4.7,46.5,754,5,7,46,70,112,235,false,158,165,19.6,3,47.7,67.2,70.2,29.8,229,6,2.6
"17031251500",24.8,47491,22.3,74.2,0,1.7,100,1453,7.7,21,208,61,412,702,false,620,641,29.6,3,58.7,88.3,91.3,8.7,690,12,1.7
"17031251600",30.2,34332,24.3,62.7,10.5,0,89.5,1268,3,38,228,39,478,783,false,706,744,29.1,4.9,61,90.2,95,5,767,16,2
"17031251700",27.5,57037,17.1,79.8,3.1,0,96.9,424,7.9,6,81,23,235,345,false,316,322,23.5,1.7,68.1,91.6,93.3,6.7,337,8,2.3
"17031251800",34.5,36681,5.7,93.1,0.2,0,99.8,1723,0.3,27,224,93,458,802,false,682,709,27.9,3.4,57.1,85,88.4,11.6,788,14,1.7
"17031252000",32.2,30103,7.5,82.2,8.5,0.2,91.5,2402,2.1,12,81,85,351,529,false,432,444,15.3,2.3,66.4,81.7,83.9,16.1,520,9,1.7
"17031130300",11.8,69857,21.3,5.6,29.5,40.6,70.5,1844,11.1,7,302,66,538,913,false,840,847,33.1,0.8,58.9,92,92.8,7.2,897,16,1.8
"17031530100",31.2,29747,54.1,40.6,0.6,0,99.4,825,17.9,19,166,28,312,525,false,478,497,31.6,3.6,59.4,91,94.7,5.3,514,11,2.1
"17031190200",20.3,82551,76.8,5,12.2,3.5,87.8,1623,12.5,23,271,43,680,1017,false,951,974,26.6,2.3,66.9,93.5,95.8,4.2,1002,15,1.5
"17031190300",14.5,68281,68.9,3,18.7,6.6,81.3,2051,26.8,15,262,57,753,1087,false,1015,1030,24.1,1.4,69.3,93.4,94.8,5.2,1067,20,1.8
"17031190800",10.8,56311,85.7,3.2,9.1,1.5,90.9,1907,19.3,18,326,40,644,1028,false,970,988,31.7,1.8,62.6,94.4,96.1,3.9,1013,15,1.5
"17031260100",36,21875,4.9,91.9,1.2,1.2,98.8,647,0,1,25,72,94,192,false,119,120,13,0.5,49,62,62.5,37.5,190,2,1
"17031260200",17,51125,11.2,87.4,0.5,0,99.5,393,2.4,2,69,61,102,234,false,171,173,29.5,0.9,43.6,73.1,73.9,26.1,228,6,2.6
"17031061800",9.6,76393,11.4,3.5,68.3,12.8,31.7,745,0,0,14,17,25,56,false,39,39,25,0,44.6,69.6,69.6,30.4,56,0,0
"17031410200",22.8,62591,18.2,26.3,41.6,11.5,58.4,725,0,0,12,17,41,70,false,53,53,17.1,0,58.6,75.7,75.7,24.3,69,1,1.4
"17031222900",5.5,89630,70.4,6,21.8,0,78.2,396,8.6,6,47,46,105,204,false,152,158,23,2.9,51.5,74.5,77.5,22.5,200,4,2
"17031241000",11.7,96518,39.6,4.2,43.5,6.6,56.5,860,8,2,30,136,148,316,false,178,180,9.5,0.6,46.8,56.3,57,43,311,5,1.6
"17031230300",18.3,67337,82.7,9.3,8,0,92,247,30.1,2,34,38,82,156,false,116,118,21.8,1.3,52.6,74.4,75.6,24.4,154,2,1.3
"17031190900",10.6,64375,69.5,8.1,15.3,7.1,84.7,611,26.1,6,159,27,173,365,false,332,338,43.6,1.6,47.4,91,92.6,7.4,359,6,1.6
"17031191200",20.7,64688,92.8,1.8,4.8,0,95.2,1077,28,7,215,41,264,527,false,479,486,40.8,1.3,50.1,90.9,92.2,7.8,523,4,0.8
"17031200100",19.1,72417,75.2,0.9,13.4,8.3,86.6,1297,10.4,7,381,39,368,795,false,749,756,47.9,0.9,46.3,94.2,95.1,4.9,786,9,1.1
"17031200200",16.9,65599,78.8,3.4,14.3,3.5,85.7,1728,31.9,8,363,51,357,779,false,720,728,46.6,1,45.8,92.4,93.5,6.5,769,10,1.3
"17031200300",26.9,39740,82.2,5.1,10.7,0,89.3,721,13.8,3,154,16,162,335,false,316,319,46,0.9,48.4,94.3,95.2,4.8,328,7,2.1
"17031222700",18.7,86473,52.9,6.2,35.2,4.4,64.8,819,19.6,6,53,84,144,287,false,197,203,18.5,2.1,50.2,68.6,70.7,29.3,284,3,1
"17031230100",26.7,89773,36.6,7.7,42.3,2.6,57.7,628,4.4,7,54,99,130,290,false,184,191,18.6,2.4,44.8,63.4,65.9,34.1,287,3,1
"17031230200",6.6,78056,54.8,10.4,29.5,4.4,70.5,688,8.5,5,69,75,157,306,false,226,231,22.5,1.6,51.3,73.9,75.5,24.5,297,9,2.9
"17031230400",19.6,91771,64.1,10.5,22.2,0.2,77.8,774,9.9,15,126,44,287,472,false,413,428,26.7,3.2,60.8,87.5,90.7,9.3,468,4,0.8
"17031230500",23.4,35727,68.8,20.2,3.4,7.7,96.6,1291,13.9,5,121,56,280,462,false,401,406,26.2,1.1,60.6,86.8,87.9,12.1,454,8,1.7
"17031351100",52.6,19913,10.8,86,0,0,100,1075,0.3,1,2,24,31,58,false,33,34,3.4,1.7,53.4,56.9,58.6,41.4,58,0,0
"17031081900",4.1,238250,10.2,2.7,68,13,32,705,0.5,0,1,46,3,50,false,4,4,2,0,6,8,8,92,50,0,0
"17031770500",20.9,59911,91.3,0,8.3,0,91.7,1161,25.5,,,,,,,,,,,,,,,,,
"17031611700",35.3,,84.4,13.4,2.2,0,97.8,800,14,6,69,13,311,399,false,380,386,17.3,1.5,77.9,95.2,96.7,3.3,398,1,0.3
"17031300500",22.6,76023,92.5,0.9,6.6,0,93.4,977,28.4,1,85,25,294,405,false,379,380,21,0.2,72.6,93.6,93.8,6.2,401,4,1
"17031381500",41.9,25019,1.2,93.4,2.9,0.4,97.1,421,0,0,5,21,23,49,false,28,28,10.2,0,46.9,57.1,57.1,42.9,49,0,0
"17031420500",52.8,22432,1.7,95.5,2.4,0,97.6,1015,0,7,94,42,111,254,false,205,212,37,2.8,43.7,80.7,83.5,16.5,249,5,2
"17031081500",8.4,141780,8.6,5.3,53.1,30.3,46.9,3447,0,0,1,95,24,120,false,25,25,0.8,0,20,20.8,20.8,79.2,120,0,0
"17031081600",3.2,140323,7,0,73.8,12.2,26.2,2742,2.3,1,1,41,18,61,false,19,20,1.6,1.6,29.5,31.1,32.8,67.2,61,0,0
"17031081700",6.8,134579,13.7,2.5,67.5,11.1,32.5,3719,0.4,2,9,149,77,237,false,86,88,3.8,0.8,32.5,36.3,37.1,62.9,237,0,0
"17031081800",6.5,157238,12.6,1.7,73.2,5.9,26.8,7700,0.3,3,8,217,90,318,false,98,101,2.5,0.9,28.3,30.8,31.8,68.2,318,0,0
"17031222800",24.6,71484,66.8,11.9,19.2,0.3,80.8,433,12.9,1,30,54,71,156,false,101,102,19.2,0.6,45.5,64.7,65.4,34.6,154,2,1.3
"17031050800",1.8,157813,22.8,2.3,63.7,3.2,36.3,488,0,2,46,159,132,339,false,178,180,13.6,0.6,38.9,52.5,53.1,46.9,337,2,0.6
"17031210100",6.1,115705,42.2,2.2,46.7,6.3,53.3,1758,6.4,10,154,195,398,757,false,552,562,20.3,1.3,52.6,72.9,74.2,25.8,741,16,2.1
"17031210400",31.2,64665,71.7,4.7,16.9,3.3,83.1,967,15.8,14,175,48,214,451,false,389,403,38.8,3.1,47.5,86.3,89.4,10.6,445,6,1.3
"17031230700",51.9,33994,73.1,9,7.2,9,92.8,2070,12.7,26,291,90,606,1013,false,897,923,28.7,2.6,59.8,88.5,91.1,8.9,997,16,1.6
"17031230800",13.9,71328,71.4,1.7,24.9,0,75.1,376,7.4,7,84,23,161,275,false,245,252,30.5,2.5,58.5,89.1,91.6,8.4,275,0,0
"17031230900",17.7,80756,57.3,7.7,30.8,3,69.2,2024,10.8,18,210,164,443,835,false,653,671,25.1,2.2,53.1,78.2,80.4,19.6,820,15,1.8
"17031550200",7.6,72232,63.3,1.1,35.6,0,64.4,972,4.2,7,521,44,487,1059,false,1008,1015,49.2,0.7,46,95.2,95.8,4.2,1045,14,1.3
"17031823304",11.5,51040,26.6,16.6,52.9,0.4,47.1,2570,0.9,0,0,12,25,37,false,25,25,0,0,67.6,67.6,67.6,32.4,37,0,0
"17031670500",51.6,29856,36,57.3,0.7,5.9,99.3,397,10.2,5,230,25,59,319,false,289,294,72.1,1.6,18.5,90.6,92.2,7.8,309,10,3.1
"17031580800",8.3,67679,95.8,0,1.1,3.1,98.9,606,31.6,2,37,20,244,303,false,281,283,12.2,0.7,80.5,92.7,93.4,6.6,301,2,0.7
"17031300800",45.7,31161,93.8,0,3.9,0,96.1,1246,29.8,5,191,35,327,558,false,518,523,34.2,0.9,58.6,92.8,93.7,6.3,556,2,0.4
"17031191100",33.4,53683,85.5,3.8,6.9,1.9,93.1,1898,19.9,17,275,62,788,1142,false,1063,1080,24.1,1.5,69,93.1,94.6,5.4,1138,4,0.4
"17031230600",15.3,57220,61.1,29.6,9.3,0,90.7,2164,15,21,227,69,606,923,false,833,854,24.6,2.3,65.7,90.2,92.5,7.5,911,12,1.3
"17031242300",7.7,106919,15.6,1.8,74,5.5,26,1620,2.9,7,115,166,334,622,false,449,456,18.5,1.1,53.7,72.2,73.3,26.7,610,12,1.9
"17031242200",4.8,168311,11.2,3,79.5,2.7,20.5,1975,3.2,4,37,294,307,642,false,344,348,5.8,0.6,47.8,53.6,54.2,45.8,636,6,0.9
"17031032100",14.7,71804,21.6,15.9,46.7,12.5,53.3,4193,5.7,2,14,117,174,307,false,188,190,4.6,0.7,56.7,61.2,61.9,38.1,306,1,0.3
"17031060900",7.8,86987,12,2.8,75.5,5.4,24.5,4886,3.3,1,5,58,32,96,false,37,38,5.2,1,33.3,38.5,39.6,60.4,95,1,1
"17031061000",12.2,116500,8.4,1.6,68.5,17.5,31.5,1092,0.8,3,6,87,95,191,false,101,104,3.1,1.6,49.7,52.9,54.5,45.5,188,3,1.6
"17031210700",6.2,100151,51.1,0.8,43.1,2.5,56.9,1560,7.5,8,260,78,368,714,false,628,636,36.4,1.1,51.5,88,89.1,10.9,706,8,1.1
"17031291600",20,125050,74,4.8,18.7,2.5,81.3,609,3.3,2,14,30,91,137,false,105,107,10.2,1.5,66.4,76.6,78.1,21.9,136,1,0.7
"17031400400",35.1,40029,1.9,90.2,2.7,0,97.3,896,4.1,0,30,48,70,148,false,100,100,20.3,0,47.3,67.6,67.6,32.4,144,4,2.7
"17031120100",2.4,157543,9.3,0.1,81.1,7,18.9,1475,1.8,7,727,117,697,1548,false,1424,1431,47,0.5,45,92,92.4,7.6,1539,9,0.6
"17031062000",10.8,133514,10.3,4.6,76.9,3.5,23.1,1753,0,4,15,113,124,256,false,139,143,5.9,1.6,48.4,54.3,55.9,44.1,250,6,2.3
"17031611200",35.9,41480,70.3,21.5,7.5,0.7,92.5,741,23.2,7,70,48,284,409,false,354,361,17.1,1.7,69.4,86.6,88.3,11.7,400,9,2.2
"17031300900",39.8,34259,97,0,3,0,97,1647,24.2,2,121,48,390,561,false,511,513,21.6,0.4,69.5,91.1,91.4,8.6,553,8,1.4
"17031061100",5.3,123750,19.2,3,72.9,2.3,27.1,739,0,1,11,92,100,204,false,111,112,5.4,0.5,49,54.4,54.9,45.1,202,2,1
"17031061500",5.2,126101,5.9,4.2,79.8,3.4,20.2,901,1.6,3,107,83,86,279,false,193,196,38.4,1.1,30.8,69.2,70.3,29.7,271,8,2.9
"17031062100",7.8,92313,9,3.9,78.6,7.7,21.4,2091,0,1,12,160,180,353,false,192,193,3.4,0.3,51,54.4,54.7,45.3,352,1,0.3
"17031062200",8.3,172841,12.6,0.4,80,4.6,20,1381,0,3,40,326,157,526,false,197,200,7.6,0.6,29.8,37.5,38,62,526,0,0
"17031090200",6,129787,14.8,0.6,78.5,2.1,21.5,2648,1.3,24,652,219,957,1852,false,1609,1633,35.2,1.3,51.7,86.9,88.2,11.8,1819,33,1.8
"17031090100",8.3,136463,11,0.3,84.3,1.6,15.7,1427,0.4,2,612,83,647,1344,false,1259,1261,45.5,0.1,48.1,93.7,93.8,6.2,1324,20,1.5
"17031260400",66.7,13489,9.7,88.8,0,0,100,533,1,5,46,29,159,239,false,205,210,19.2,2.1,66.5,85.8,87.9,12.1,237,2,0.8
"17031351500",31.4,65938,11.8,71.3,9.5,6.4,90.5,382,0.6,0,0,48,1,49,false,1,1,0,0,2,2,2,98,49,0,0
"17031770800",3.5,79750,30.2,0,64.2,4.5,35.8,2002,6.7,,,,,,,,,,,,,,,,,
"17031081100",16.3,79683,3.5,6.5,77,4.6,23,2809,0,3,4,46,29,82,false,33,36,4.9,3.7,35.4,40.2,43.9,56.1,82,0,0
"17031210800",8.7,92375,45.8,2.4,41.6,3.4,58.4,435,15.9,2,99,33,66,200,false,165,167,49.5,1,33,82.5,83.5,16.5,194,6,3
"17031210900",7.8,106083,26.1,5.6,57.1,2.3,42.9,1512,1.5,24,130,155,360,669,false,490,514,19.4,3.6,53.8,73.2,76.8,23.2,659,10,1.5
"17031241200",9.4,139688,9.1,9.6,68.2,9.4,31.8,887,1.1,6,30,134,159,329,false,189,195,9.1,1.8,48.3,57.4,59.3,40.7,321,8,2.4
"17031031200",35.6,27869,21.6,39.3,26.4,9.5,73.6,3519,7.9,2,19,160,83,264,false,102,104,7.2,0.8,31.4,38.6,39.4,60.6,262,2,0.8
"17031063000",10,103250,7.5,3.3,78.1,6.1,21.9,1784,0.3,2,28,139,150,319,false,178,180,8.8,0.6,47,55.8,56.4,43.6,315,4,1.3
"17031062500",11.3,169917,13.3,0.5,74.6,10.4,25.4,681,0,3,56,126,66,251,false,122,125,22.3,1.2,26.3,48.6,49.8,50.2,249,2,0.8
"17031062600",4.2,177045,9.3,1.4,74.5,8.8,25.5,930,0.4,5,56,265,73,399,false,129,134,14,1.3,18.3,32.3,33.6,66.4,395,4,1
"17031062700",8.7,136667,6.9,1.6,74.8,8.8,25.2,1400,0,3,80,301,216,600,false,296,299,13.3,0.5,36,49.3,49.8,50.2,597,3,0.5
"17031062800",2.7,166741,13.5,0.8,76.7,4.5,23.3,1553,0,3,98,385,238,724,false,336,339,13.5,0.4,32.9,46.4,46.8,53.2,720,4,0.6
"17031062900",2.4,181429,10.8,5.7,69.7,6.6,30.3,1964,0.4,4,77,247,304,632,false,381,385,12.2,0.6,48.1,60.3,60.9,39.1,624,8,1.3
"17031062400",9,158542,8.1,3.3,80.3,3.5,19.7,772,2.7,2,69,144,65,280,false,134,136,24.6,0.7,23.2,47.9,48.6,51.4,279,1,0.4
"17031090300",7.7,117768,16.1,0,81.7,0,18.3,523,3.5,8,215,46,241,510,false,456,464,42.2,1.6,47.3,89.4,91,9,500,10,2
"17031063100",8.3,97347,7,2.8,79.5,5,20.5,1407,0.6,2,7,90,97,196,false,104,106,3.6,1,49.5,53.1,54.1,45.9,196,0,0
"17031063200",2.5,77183,8.3,7.1,74.9,3.6,25.1,4590,0,1,9,81,65,156,false,74,75,5.8,0.6,41.7,47.4,48.1,51.9,152,4,2.6
"17031063400",5.1,116765,10.6,5.3,77.8,6.3,22.2,1348,0,4,20,85,84,193,false,104,108,10.4,2.1,43.5,53.9,56,44,191,2,1
"17031242700",18.6,80227,35.9,8,50.7,0.8,49.3,806,3.9,10,66,89,128,293,false,194,204,22.5,3.4,43.7,66.2,69.6,30.4,290,3,1
"17031070400",13.6,205772,6.2,0.9,80.7,8.6,19.3,1469,3.3,2,79,325,161,567,false,240,242,13.9,0.4,28.4,42.3,42.7,57.3,563,4,0.7
"17031100100",11.1,109242,10.7,0,76.9,8.9,23.1,2134,1.1,30,644,133,892,1699,false,1536,1566,37.9,1.8,52.5,90.4,92.2,7.8,1663,36,2.1
"17031100300",11.9,74250,14.7,0.7,78.1,4.4,21.9,2694,2.6,39,686,191,878,1794,false,1564,1603,38.2,2.2,48.9,87.2,89.4,10.6,1750,44,2.5
"17031140100",6,92595,43.1,1.4,41.6,8.7,58.4,1211,16.2,7,57,43,164,271,false,221,228,21,2.6,60.5,81.5,84.1,15.9,264,7,2.6
"17031140200",19.9,68875,39.4,7.7,28.2,21.5,71.8,2036,15.7,14,115,71,244,444,false,359,373,25.9,3.2,55,80.9,84,16,438,6,1.4
"17031140400",11.4,98819,31.1,1.4,40.3,24.7,59.7,2083,10.5,52,592,159,800,1603,false,1392,1444,36.9,3.2,49.9,86.8,90.1,9.9,1568,35,2.2
"17031140500",7.1,70598,42.6,1.8,35.2,11,64.8,1388,9.4,24,210,75,391,700,false,601,625,30,3.4,55.9,85.9,89.3,10.7,690,10,1.4
"17031070200",6.7,101992,11,3,72,8.3,28,2102,1.7,1,48,241,215,505,false,263,264,9.5,0.2,42.6,52.1,52.3,47.7,501,4,0.8
"17031070300",9.9,178750,6.2,2.1,77.7,9.3,22.3,1663,0,6,106,258,141,511,false,247,253,20.7,1.2,27.6,48.3,49.5,50.5,508,3,0.6
"17031070500",1.4,194408,8.3,5.2,79.5,2.7,20.5,1318,1.3,7,30,317,191,545,false,221,228,5.5,1.3,35,40.6,41.8,58.2,535,10,1.8
"17031070700",10.8,146806,13.2,7.6,59.4,17.6,40.6,1740,4.7,9,39,316,130,494,false,169,178,7.9,1.8,26.3,34.2,36,64,491,3,0.6
"17031070600",4.3,210469,5.3,0.2,82,8.1,18,1291,0.4,1,25,448,168,642,false,193,194,3.9,0.2,26.2,30.1,30.2,69.8,640,2,0.3
"17031100400",1.7,144125,15.3,0.2,71.6,9.7,28.4,1267,1.9,3,624,65,546,1238,false,1170,1173,50.4,0.2,44.1,94.5,94.7,5.3,1226,12,1
"17031100600",12.8,84896,30.5,1.9,56.3,7.8,43.7,1861,5.3,19,632,116,978,1745,false,1610,1629,36.2,1.1,56,92.3,93.4,6.6,1715,30,1.7
"17031100700",6.6,131932,14.8,3,68.6,11.6,31.4,1906,5.3,5,726,108,977,1816,false,1703,1708,40,0.3,53.8,93.8,94.1,5.9,1788,28,1.5
"17031110200",8.4,66429,41.9,6.4,46.7,4.7,53.3,1356,1.7,69,205,51,441,766,false,646,715,26.8,9,57.6,84.3,93.3,6.7,758,8,1
"17031150200",13.2,94021,27.6,3,57.1,5.2,42.9,2829,8.6,44,602,182,735,1563,false,1337,1381,38.5,2.8,47,85.5,88.4,11.6,1534,29,1.9
"17031150300",6.6,88125,22.2,0.9,67.3,5.1,32.7,3206,3.2,36,786,161,655,1638,false,1441,1477,48,2.2,40,88,90.2,9.8,1600,38,2.3
"17031140800",11.6,100250,29.8,0.4,58.8,8.3,41.2,2669,5.3,31,460,136,390,1017,false,850,881,45.2,3,38.3,83.6,86.6,13.4,997,20,2
"17031231200",50.5,31629,27.3,64.4,2.9,0.1,97.1,1985,2.9,27,246,94,661,1028,false,907,934,23.9,2.6,64.3,88.2,90.9,9.1,996,32,3.1
"17031231100",18.3,59745,47.7,47,4.8,0.5,95.2,424,15,6,64,18,155,243,false,219,225,26.3,2.5,63.8,90.1,92.6,7.4,236,7,2.9
"17031242400",8.1,110129,17.4,1.4,75.1,4.9,24.9,1597,1.3,3,63,85,283,434,false,346,349,14.5,0.7,65.2,79.7,80.4,19.6,425,9,2.1
"17031242500",11.5,93279,26.7,7.2,60.8,5.3,39.2,1536,8.9,5,85,166,277,533,false,362,367,15.9,0.9,52,67.9,68.9,31.1,522,11,2.1
"17031671600",35.7,25849,0.5,93.4,1,5,99,701,2.3,21,177,33,275,506,false,452,473,35,4.2,54.3,89.3,93.5,6.5,493,13,2.6
"17031120200",1,155481,4.1,1,81.2,11,18.8,1763,3.7,6,743,121,792,1662,false,1535,1541,44.7,0.4,47.7,92.4,92.7,7.3,1648,14,0.8
"17031120300",6.1,137043,8.4,0.3,78.4,8.5,21.6,2551,1.7,22,937,229,1063,2251,false,2000,2022,41.6,1,47.2,88.8,89.8,10.2,2229,22,1
"17031120400",7,117404,30.7,3,44.1,16,55.9,1261,4.1,18,443,152,518,1131,false,961,979,39.2,1.6,45.8,85,86.6,13.4,1080,51,4.5
"17031231500",31.6,31755,36.9,54.4,5.4,2.8,94.6,2270,7.7,22,470,96,498,1086,false,968,990,43.3,2,45.9,89.1,91.2,8.8,1074,12,1.1
"17031071100",8.9,212677,10.3,1.2,77,6.5,23,1131,0.3,6,33,164,344,547,false,377,383,6,1.1,62.9,68.9,70,30,544,3,0.5
"17031071000",5.6,186518,6.5,5.5,79.5,5.9,20.5,1043,0.1,1,27,187,227,442,false,254,255,6.1,0.2,51.4,57.5,57.7,42.3,437,5,1.1
"17031071200",11,131163,8.4,1,73.4,11.1,26.6,1268,3.1,0,45,92,145,282,false,190,190,16,0,51.4,67.4,67.4,32.6,282,0,0
"17031071300",14.6,127083,7.1,0.1,71.8,13.3,28.2,2113,3.2,1,53,139,290,483,false,343,344,11,0.2,60,71,71.2,28.8,478,5,1
"17031110300",3.2,122652,27.8,0.5,63.4,6.2,36.6,1780,11.8,19,655,92,954,1720,false,1609,1628,38.1,1.1,55.5,93.5,94.7,5.3,1703,17,1
"17031220300",10.4,94654,25.4,4,59.3,6.7,40.7,975,2.8,8,122,114,144,388,false,266,274,31.4,2.1,37.1,68.6,70.6,29.4,379,9,2.3
"17031220400",9.7,124613,23.7,4.2,62.1,5.9,37.9,1150,9.4,9,200,104,226,539,false,426,435,37.1,1.7,41.9,79,80.7,19.3,515,24,4.5
"17031220500",9.3,107857,24.6,3.8,58.1,7.1,41.9,1420,1.6,10,127,124,187,448,false,314,324,28.3,2.2,41.7,70.1,72.3,27.7,421,27,6
"17031240300",6.4,142292,4.1,3,78.9,7.9,21.1,610,0.4,2,23,179,139,343,false,162,164,6.7,0.6,40.5,47.2,47.8,52.2,339,4,1.2
"17031240500",3.8,178770,7.6,0.8,78.2,8.8,21.8,1349,0,2,40,220,78,340,false,118,120,11.8,0.6,22.9,34.7,35.3,64.7,338,2,0.6
"17031060400",3.8,154038,8.8,1.5,79,4.9,21,1560,0.6,3,83,295,155,536,false,238,241,15.5,0.6,28.9,44.4,45,55,534,2,0.4
"17031060500",23.4,60987,10.9,7.2,74.2,7.8,25.8,679,4.5,4,23,103,61,191,false,84,88,12,2.1,31.9,44,46.1,53.9,188,3,1.6
"17031240800",13.2,103565,25.5,8.7,52,5.1,48,695,1.1,9,49,80,129,267,false,178,187,18.4,3.4,48.3,66.7,70,30,262,5,1.9
"17031240600",14.8,166537,23.9,4.5,57.8,10.3,42.2,771,2,4,25,152,101,282,false,126,130,8.9,1.4,35.8,44.7,46.1,53.9,279,3,1.1
"17031240700",13.2,96250,35.6,8.9,50.1,3.2,49.9,718,9.1,5,22,114,129,270,false,151,156,8.1,1.9,47.8,55.9,57.8,42.2,264,6,2.2
"17031240900",5.9,98145,32.6,12.4,36.8,12.4,63.2,541,8,1,38,69,61,169,false,99,100,22.5,0.6,36.1,58.6,59.2,40.8,165,4,2.4
"17031242600",17.3,85000,39.5,5.6,48.8,0,51.2,2588,9.3,10,129,252,491,882,false,620,630,14.6,1.1,55.7,70.3,71.4,28.6,872,10,1.1
"17031310600",11.4,75604,56.5,4.4,29.8,6.8,70.2,2523,15.8,1,40,166,481,688,false,521,522,5.8,0.1,69.9,75.7,75.9,24.1,677,11,1.6
"17031310700",17.2,72684,63.7,3.9,17.3,9,82.7,618,29.7,2,17,34,141,194,false,158,160,8.8,1,72.7,81.4,82.5,17.5,191,3,1.5
"17031310800",20,72059,73.3,0,21.1,3.7,78.9,1756,21.3,1,95,95,402,593,false,497,498,16,0.2,67.8,83.8,84,16,583,10,1.7
"17031020602",14.6,87804,27.5,8.8,32.1,29.1,67.9,1611,12,12,250,41,435,738,false,685,697,33.9,1.6,58.9,92.8,94.4,5.6,733,5,0.7
"17031310900",25.9,76758,79.8,4.5,14.2,0,85.8,1887,16.7,4,82,83,530,699,false,612,616,11.7,0.6,75.8,87.6,88.1,11.9,681,18,2.6
"17031510100",18.7,71276,80,10.7,9.3,0,90.7,1259,8.9,16,300,51,514,881,false,814,830,34.1,1.8,58.3,92.4,94.2,5.8,869,12,1.4
"17031510200",20.4,48917,24.2,67.5,7.4,0.5,92.6,1217,2,14,519,40,583,1156,false,1102,1116,44.9,1.2,50.4,95.3,96.5,3.5,1143,13,1.1
"17031561100",1.4,107857,53.6,2,42.1,1,57.9,2184,5,8,708,96,1091,1903,false,1799,1807,37.2,0.4,57.3,94.5,95,5,1874,29,1.5
"17031190701",6.6,67868,71.7,2,23.4,0.5,76.6,889,17.7,4,151,27,252,434,false,403,407,34.8,0.9,58.1,92.9,93.8,6.2,425,9,2.1
"17031020901",25.6,52378,26,24.8,21.4,24.4,78.6,2212,15.4,3,78,31,318,430,false,396,399,18.1,0.7,74,92.1,92.8,7.2,427,3,0.7
"17031010202",22.9,55119,16.2,36.4,37.1,8.1,62.9,1130,6,5,33,47,122,207,false,155,160,15.9,2.4,58.9,74.9,77.3,22.7,206,1,0.5
"17031570100",23.6,73462,69.6,0,11.7,18.3,88.3,442,12.2,4,117,55,133,309,false,250,254,37.9,1.3,43,80.9,82.2,17.8,303,6,1.9
"17031570200",5.2,,76.9,0,15.4,7.7,84.6,829,20.4,4,281,112,202,599,false,483,487,46.9,0.7,33.7,80.6,81.3,18.7,592,7,1.2
"17031570300",8.1,60139,86.8,0,10.3,2,89.7,1901,17.1,20,328,70,806,1224,false,1134,1154,26.8,1.6,65.8,92.6,94.3,5.7,1211,13,1.1
"17031570400",10,72263,82.8,0.6,12.3,4.4,87.7,635,34.2,2,141,29,153,325,false,294,296,43.4,0.6,47.1,90.5,91.1,8.9,320,5,1.5
"17031570500",6,74899,77.9,5.2,14.1,2.3,85.9,803,20.8,9,128,74,273,484,false,401,410,26.4,1.9,56.4,82.9,84.7,15.3,473,11,2.3
"17031690400",16,46313,0,96.9,0,3,100,1537,0,48,243,51,395,737,false,638,686,33,6.5,53.6,86.6,93.1,6.9,722,15,2
"17031691300",24.7,55203,0,95.6,0,4,100,1051,0,41,275,36,378,730,false,653,694,37.7,5.6,51.8,89.5,95.1,4.9,716,14,1.9
"17031691400",28.2,35495,3.9,92.7,0,0.7,100,1307,2.2,126,425,49,475,1075,false,900,1026,39.5,11.7,44.2,83.7,95.4,4.6,1051,24,2.2
"17031691500",45.2,24101,4.9,91,4.1,0,95.9,884,0.7,27,110,66,276,479,false,386,413,23,5.6,57.6,80.6,86.2,13.8,472,7,1.5
"17031320400",20.9,137917,8.7,15.7,55.3,16,44.7,844,1.4,1,1,106,32,140,false,33,34,0.7,0.7,22.9,23.6,24.3,75.7,140,0,0
"17031580100",18.2,49323,44.5,0.4,15.7,39.3,84.3,911,24.2,9,156,163,295,623,false,451,460,25,1.4,47.4,72.4,73.8,26.2,616,7,1.1
"17031580200",26.6,36010,83.1,0,2.1,14.9,97.9,916,19.8,8,215,78,356,657,false,571,579,32.7,1.2,54.2,86.9,88.1,11.9,652,5,0.8
"17031580300",6.3,83029,76,1.3,4.6,16.5,95.4,777,20.4,3,100,62,292,457,false,392,395,21.9,0.7,63.9,85.8,86.4,13.6,450,7,1.5
"17031580400",20.4,56190,66.3,3.2,8.9,21.6,91.1,1502,24.6,20,368,65,419,872,false,787,807,42.2,2.3,48.1,90.3,92.5,7.5,865,7,0.8
"17031580600",12.2,67297,79.7,0.8,7.2,11.2,92.8,1675,23.9,26,150,47,586,809,false,736,762,18.5,3.2,72.4,91,94.2,5.8,799,10,1.2
"17031580700",33.1,59399,74.2,11,7.6,7,92.4,1649,23.8,29,217,79,664,989,false,881,910,21.9,2.9,67.1,89.1,92,8,981,8,0.8
"17031681300",37.2,21888,0.9,95.1,0.3,3.8,99.7,893,0,18,142,27,291,478,false,433,451,29.7,3.8,60.9,90.6,94.4,5.6,470,8,1.7
"17031681400",8,51835,0,98.1,0.2,0.1,99.8,653,0,49,299,58,469,875,false,768,817,34.2,5.6,53.6,87.8,93.4,6.6,852,23,2.6
"17031690300",27,34978,2,93.3,4.6,0,95.4,715,0.4,8,98,27,87,220,false,185,193,44.5,3.6,39.5,84.1,87.7,12.3,219,1,0.5
"17031690500",25,57841,0,100,0,0,100,331,0,22,83,27,117,249,false,200,222,33.3,8.8,47,80.3,89.2,10.8,234,15,6
"17031690900",30.6,36927,1,90.5,2,0,98,1815,0.5,107,263,51,538,959,false,801,908,27.4,11.2,56.1,83.5,94.7,5.3,940,19,2
"17031691000",24.7,64361,2.9,88,1.3,0,98.7,1205,0,51,281,39,318,689,false,599,650,40.8,7.4,46.2,86.9,94.3,5.7,673,16,2.3
"17031700100",15.6,79659,43.9,49.5,3.2,0.1,96.8,1015,8.9,5,330,57,656,1048,false,986,991,31.5,0.5,62.6,94.1,94.6,5.4,1033,15,1.4
"17031700200",21.4,74125,77.7,14.3,8,0,92,1881,8.8,1,531,46,1159,1737,false,1690,1691,30.6,0.1,66.7,97.3,97.4,2.6,1716,21,1.2
"17031320600",12,117847,15.3,11.5,46.8,22.6,53.2,3752,0.1,2,0,87,9,98,false,9,11,0,2,9.2,9.2,11.2,88.8,98,0,0
"17031330200",8.8,140556,7,23.2,45.7,17.9,54.3,1784,1.2,0,0,454,5,459,false,5,5,0,0,1.1,1.1,1.1,98.9,459,0,0
"17031590500",8.4,72383,43.8,6.1,26.8,17.9,73.2,775,7.8,9,94,105,197,405,false,291,300,23.2,2.2,48.6,71.9,74.1,25.9,393,12,3
"17031590600",12.6,78137,69.4,2.8,14.4,12.7,85.6,1451,17.4,16,192,57,415,680,false,607,623,28.2,2.4,61,89.3,91.6,8.4,667,13,1.9
"17031671200",26.4,42143,31.3,65.6,1.5,0,98.5,240,6.5,16,65,49,146,276,false,211,227,23.6,5.8,52.9,76.4,82.2,17.8,238,38,13.8
"17031671100",64.8,15735,0,100,0,0,100,412,0,17,70,17,181,285,false,251,268,24.6,6,63.5,88.1,94,6,281,4,1.4
"17031671300",39.4,29563,19.3,80.7,0,0,100,694,1.6,20,215,27,375,637,false,590,610,33.8,3.1,58.9,92.6,95.8,4.2,622,15,2.4
"17031671500",25,43203,14.1,85,0.4,0,99.6,885,4.2,39,214,49,524,826,false,738,777,25.9,4.7,63.4,89.3,94.1,5.9,804,22,2.7
"17031671800",35.2,52125,25.5,68.3,0.2,0,99.8,369,19.5,26,159,27,218,430,false,377,403,37,6,50.7,87.7,93.7,6.3,411,19,4.4
"17031671900",7.9,36337,24.6,72.7,0,2.7,100,402,0,20,125,18,204,367,false,329,349,34.1,5.4,55.6,89.6,95.1,4.9,360,7,1.9
"17031710100",45.9,28287,1.6,97.6,0,0.8,100,494,0,9,78,27,104,218,false,182,191,35.8,4.1,47.7,83.5,87.6,12.4,207,11,5
"17031710200",36.8,30871,0,99.6,0.4,0,99.6,1784,0,41,323,47,409,820,false,732,773,39.4,5,49.9,89.3,94.3,5.7,803,17,2.1
"17031710400",35.4,43986,3.5,93.7,0.4,1,99.6,2160,0,33,547,57,883,1520,false,1430,1463,36,2.2,58.1,94.1,96.2,3.8,1489,31,2
"17031710500",31.6,44973,4.8,90.2,0.2,0,99.8,1545,0.4,16,276,35,495,822,false,771,787,33.6,1.9,60.2,93.8,95.7,4.3,816,6,0.7
"17031710600",21.4,42132,3.7,85.3,9.5,0,90.5,939,0,29,89,15,203,336,false,292,321,26.5,8.6,60.4,86.9,95.5,4.5,331,5,1.5
"17031710800",20.6,37580,1.9,95.7,0.1,0.6,99.9,1822,0.2,35,542,185,292,1054,false,834,869,51.4,3.3,27.7,79.1,82.4,17.6,972,82,7.8
"17031340300",13.4,50543,24.3,0,14.6,60.6,85.4,716,31.3,2,62,126,135,325,false,197,199,19.1,0.6,41.5,60.6,61.2,38.8,324,1,0.3
"17031430300",21.4,53807,5.8,92.8,1.3,0,98.7,1039,0.3,17,58,71,167,313,false,225,242,18.5,5.4,53.4,71.9,77.3,22.7,312,1,0.3
"17031340500",33.4,61018,7.9,5.5,48.4,35,51.6,971,26.3,8,68,118,79,273,false,147,155,24.9,2.9,28.9,53.8,56.8,43.2,270,3,1.1
"17031340600",55.1,20588,0,84.3,6.4,5.2,93.6,494,2.9,0,0,34,1,35,false,1,1,0,0,2.9,2.9,2.9,97.1,35,0,0
"17031430200",30.9,34072,0.3,90.9,6.2,0.7,93.8,2719,0,31,161,117,270,579,false,431,462,27.8,5.4,46.6,74.4,79.8,20.2,565,14,2.4
"17031510300",36.5,30875,0,98.7,1,0,99,1939,0,26,958,110,930,2024,false,1888,1914,47.3,1.3,45.9,93.3,94.6,5.4,1961,63,3.1
"17031520100",17.8,58713,93.2,0,5.8,0,94.2,495,21.6,16,131,35,258,440,false,389,405,29.8,3.6,58.6,88.4,92,8,436,4,0.9
"17031590700",10.4,77344,65,0.8,14.4,17.2,85.6,993,14.2,8,287,148,201,644,false,488,496,44.6,1.2,31.2,75.8,77,23,638,6,0.9
"17031600400",15.8,63497,10.5,6.1,26.6,55.9,73.4,1595,26.5,22,112,165,422,721,false,534,556,15.5,3.1,58.5,74.1,77.1,22.9,700,21,2.9
"17031830600",14.4,64261,21,18.6,45.6,10.4,54.4,2168,10,19,96,76,281,472,false,377,396,20.3,4,59.5,79.9,83.9,16.1,468,4,0.8
"17031830800",6.1,85819,11.8,4.8,70.3,10.9,29.7,1583,2.6,3,83,74,75,235,false,158,161,35.3,1.3,31.9,67.2,68.5,31.5,232,3,1.3
"17031830700",25.4,67462,13.8,33.1,43.4,7.5,56.6,2114,7,1,6,125,121,253,false,127,128,2.4,0.4,47.8,50.2,50.6,49.4,253,0,0
"17031830900",3.8,138092,26.6,0.7,65.1,6.2,34.9,1313,6.8,17,126,189,228,560,false,354,371,22.5,3,40.7,63.2,66.2,33.8,549,11,2
"17031835200",8.1,79000,75.2,7.9,15.4,0.8,84.6,680,18.3,2,221,52,237,512,false,458,460,43.2,0.4,46.3,89.5,89.8,10.2,507,5,1
"17031839900",7.6,89712,39.9,0.9,46.5,11.5,53.5,2135,2.1,20,220,469,478,1187,false,698,718,18.5,1.7,40.3,58.8,60.5,39.5,1156,31,2.6
"17031839700",10,90149,33.8,2.4,37.5,22.1,62.5,1943,9.8,17,204,305,488,1014,false,692,709,20.1,1.7,48.1,68.2,69.9,30.1,999,15,1.5
"17031839800",17.4,79643,13.4,2.6,45.6,38.4,54.4,1136,14.8,14,121,104,305,544,false,426,440,22.2,2.6,56.1,78.3,80.9,19.1,536,8,1.5
"17031834800",30.6,21636,5.1,92.3,1.2,0.1,98.8,710,3,13,145,65,278,501,false,423,436,28.9,2.6,55.5,84.4,87,13,494,7,1.4
"17031834700",36.2,37000,21.1,73.2,0.7,1.4,99.3,648,5,21,111,47,283,462,false,394,415,24,4.5,61.3,85.3,89.8,10.2,448,14,3
"17031832000",7.3,146944,8.5,1.3,81.3,3.4,18.7,1004,0.1,1,18,127,96,242,false,114,115,7.4,0.4,39.7,47.1,47.5,52.5,240,2,0.8
"17031832500",13.2,148971,9.8,2.6,78.5,3.8,21.5,1480,0.1,2,20,433,293,748,false,313,315,2.7,0.3,39.2,41.8,42.1,57.9,742,6,0.8
"17031832300",8.3,131212,8.7,6.8,69.5,7.6,30.5,1146,2.6,5,46,284,183,518,false,229,234,8.9,1,35.3,44.2,45.2,54.8,517,1,0.2
"17031838300",15.6,104968,2,29,56.6,10.5,43.4,1668,0.6,6,3,109,10,128,false,13,19,2.3,4.7,7.8,10.2,14.8,85.2,128,0,0
"17031831800",18.1,84357,18.7,7.2,35.8,34.6,64.2,2555,6.1,27,332,126,585,1070,false,917,944,31,2.5,54.7,85.7,88.2,11.8,1040,30,2.8
"17031831700",12.7,47232,45.3,3.1,47.5,2.7,52.5,981,11.4,12,140,134,257,543,false,397,409,25.8,2.2,47.3,73.1,75.3,24.7,536,7,1.3
"17031835100",20.9,46414,68.5,25.7,4.1,0,95.9,1440,15.6,29,305,60,630,1024,false,935,964,29.8,2.8,61.5,91.3,94.1,5.9,984,40,3.9
"17031835000",22.1,41907,60.4,35.6,0.8,3.2,99.2,1946,14,40,374,48,606,1068,false,980,1020,35,3.7,56.7,91.8,95.5,4.5,1052,16,1.5
"17031843700",8.2,134000,10,5,67.9,3.9,32.1,1024,2,15,88,296,240,639,false,328,343,13.8,2.3,37.6,51.3,53.7,46.3,631,8,1.3
"17031220702",13.4,80452,55.6,4.9,35.4,2.7,64.6,1657,17.2,9,202,123,275,609,false,477,486,33.2,1.5,45.2,78.3,79.8,20.2,593,16,2.6
"17031842100",18.9,60741,49.2,43.6,5,1,95,2096,12.4,28,372,131,821,1352,false,1193,1221,27.5,2.1,60.7,88.2,90.3,9.7,1335,17,1.3
"17031843300",35.5,65278,30.4,53.6,8,1.2,92,416,1.7,6,16,80,121,223,false,137,143,7.2,2.7,54.3,61.4,64.1,35.9,220,3,1.3
"17031843000",45.1,21726,0.9,89.4,9.7,0,90.3,1132,0.3,18,57,122,241,438,false,298,316,13,4.1,55,68,72.1,27.9,435,3,0.7
"17031836500",32.3,,5.6,79,15.1,0,84.9,772,0,0,5,89,27,121,false,32,32,4.1,0,22.3,26.4,26.4,73.6,121,0,0
"17031843900",33.1,47760,3,84.6,11,0.7,89,2148,0,0,64,60,108,232,false,172,172,27.6,0,46.6,74.1,74.1,25.9,230,2,0.9
"17031490901",43.3,32284,1,96.1,1.5,0,98.5,1227,0,31,334,44,439,848,false,773,804,39.4,3.7,51.8,91.2,94.8,5.2,829,19,2.2
"17031831100",12.4,97640,50,2.4,42.3,3.1,57.7,2815,11.3,36,294,281,696,1307,false,990,1026,22.5,2.8,53.3,75.7,78.5,21.5,1276,31,2.4
"17031831500",9.4,78682,53.4,9.9,28.5,4.1,71.5,1325,13.3,11,263,130,420,824,false,683,694,31.9,1.3,51,82.9,84.2,15.8,818,6,0.7
"17031831600",6.4,59535,62.3,8.7,26.1,2.5,73.9,2576,9.8,25,411,144,888,1468,false,1299,1324,28,1.7,60.5,88.5,90.2,9.8,1450,18,1.2
"17031831200",10.5,61250,88.5,4.6,6.1,0,93.9,1543,24.7,16,198,75,464,753,false,662,678,26.3,2.1,61.6,87.9,90,10,743,10,1.3
"17031831000",5.8,199886,8.5,2.5,83,3.6,17,1115,0,1,33,276,162,472,false,195,196,7,0.2,34.3,41.3,41.5,58.5,469,3,0.6
"17031843100",27.8,61648,12.1,77.2,9.5,1.3,90.5,517,0,0,58,83,129,270,false,187,187,21.5,0,47.8,69.3,69.3,30.7,264,6,2.2
"17031842900",51.3,21521,2.4,63.8,20.7,4.4,79.3,1512,2.4,1,41,93,111,246,false,152,153,16.7,0.4,45.1,61.8,62.2,37.8,245,1,0.4
"17031843500",25.6,55833,21.3,67.3,10.8,0.5,89.2,190,2,2,55,70,136,263,false,191,193,20.9,0.8,51.7,72.6,73.4,26.6,262,1,0.4
"17031842000",16.9,135341,8.6,45.4,27.6,15.9,72.4,381,1.6,2,1,138,61,202,false,62,64,0.5,1,30.2,30.7,31.7,68.3,202,0,0
"17031770901",5.5,95313,7.4,0.3,78,6.8,22,1936,10.9,0,0,2,10,12,true,10,10,0,0,83.3,83.3,83.3,16.7,12,0,0
"17031832400",4.9,128000,28.2,6.1,58.2,4.2,41.8,1788,6.2,6,120,334,174,634,false,294,300,18.9,0.9,27.4,46.4,47.3,52.7,621,13,2.1
"17031832900",31.7,80951,7.4,6.2,48.2,35.2,51.8,786,3.4,2,52,227,154,435,false,206,208,12,0.5,35.4,47.4,47.8,52.2,433,2,0.5
"17031840300",14.6,74722,51.4,2.3,15.6,29.5,84.4,1314,17,19,199,228,462,908,false,661,680,21.9,2.1,50.9,72.8,74.9,25.1,900,8,0.9
"17031838600",36,14701,10.9,79.7,2.5,0.1,97.5,602,0,4,24,55,82,165,false,106,110,14.5,2.4,49.7,64.2,66.7,33.3,161,4,2.4
"17031839600",21.8,68880,5.1,85.9,8.4,0.6,91.6,978,0.5,5,49,119,170,343,false,219,224,14.3,1.5,49.6,63.8,65.3,34.7,331,12,3.5
"17031834900",36.1,20086,0.2,95.2,0.5,0,99.5,590,0,13,123,28,287,451,false,410,423,27.3,2.9,63.6,90.9,93.8,6.2,440,11,2.4
"17031030603",12.9,54415,12.5,26.2,46.1,12.3,53.9,1342,2,1,4,34,38,77,false,42,43,5.2,1.3,49.4,54.5,55.8,44.2,76,1,1.3
"17031832200",7,152902,10.2,3.4,69.4,11.1,30.6,1675,0,4,105,318,299,726,false,404,408,14.5,0.6,41.2,55.6,56.2,43.8,716,10,1.4
"17031836700",21,47439,31.5,67.6,0.9,0,99.1,1042,2.7,11,170,106,163,450,false,333,344,37.8,2.4,36.2,74,76.4,23.6,442,8,1.8
"17031836800",56.3,22642,1.1,94.1,4.6,0,95.4,1050,0,10,149,54,183,396,false,332,342,37.6,2.5,46.2,83.8,86.4,13.6,387,9,2.3
"17031836600",11,84667,42.8,21.3,31.4,0.5,68.6,1074,11.7,7,209,79,244,539,false,453,460,38.8,1.3,45.3,84,85.3,14.7,530,9,1.7
"17031833000",8.3,169489,2.6,7.9,77.1,6.8,22.9,2969,0,4,32,371,188,595,false,220,224,5.4,0.7,31.6,37,37.6,62.4,594,1,0.2
"17031842500",32.2,36955,21.2,74.2,0,3.1,100,953,9.9,6,68,48,74,196,false,142,148,34.7,3.1,37.8,72.4,75.5,24.5,193,3,1.5
"17031841800",25.7,50964,15.4,80.9,1.9,0,98.1,894,0.8,45,247,117,339,748,false,586,631,33,6,45.3,78.3,84.4,15.6,743,5,0.7
"17031980100",,,,,,,,0,,0,0,42,2,44,false,2,2,0,0,4.5,4.5,4.5,95.5,44,0,0
"17031842800",18.5,56667,87,0,6.9,5.5,93.1,2206,17.7,23,325,109,738,1195,false,1063,1086,27.2,1.9,61.8,89,90.9,9.1,1182,13,1.1
"17031843800",15.9,57885,39.5,26.3,26.2,7.4,73.8,744,12.5,18,180,87,286,571,false,466,484,31.5,3.2,50.1,81.6,84.8,15.2,563,8,1.4
"17031841000",18.8,105625,7,32.9,33.6,26,66.4,675,3.1,0,18,202,37,257,false,55,55,7,0,14.4,21.4,21.4,78.6,257,0,0
"17031834200",17,63523,0.5,96.2,0.1,0,99.9,2216,0,81,490,56,443,1070,false,933,1014,45.8,7.6,41.4,87.2,94.8,5.2,1049,21,2
"17031842200",9.8,95174,4.7,9.3,64.5,14.5,35.5,2477,1.9,1,9,343,54,407,false,63,64,2.2,0.2,13.3,15.5,15.7,84.3,407,0,0
"17031838000",26.9,,17.5,50.6,17.6,3.4,82.4,1454,0,4,47,210,69,330,false,116,120,14.2,1.2,20.9,35.2,36.4,63.6,325,5,1.5
"17031010702",19,58289,34.4,38.3,22.4,1,77.6,1998,13.7,6,40,71,203,320,false,243,249,12.5,1.9,63.4,75.9,77.8,22.2,317,3,0.9
"17031010503",46.9,21924,3,17.9,62.9,10.5,37.1,1477,6.9,8,58,37,102,205,false,160,168,28.3,3.9,49.8,78,82,18,199,6,2.9
"17031010502",19.1,61367,10.6,13.4,63.4,3.6,36.6,1637,2.1,4,27,41,122,194,false,149,153,13.9,2.1,62.9,76.8,78.9,21.1,194,0,0
"17031010701",8.3,74208,29,23.9,35.3,7.8,64.7,1652,3.6,24,141,59,237,461,false,378,402,30.6,5.2,51.4,82,87.2,12.8,456,5,1.1
"17031020902",27.5,47963,12.9,14.4,33.7,36.7,66.3,1564,11.5,3,67,69,110,249,false,177,180,26.9,1.2,44.2,71.1,72.3,27.7,248,1,0.4
"17031020302",7.5,81563,11.8,7.1,71.2,8.2,28.8,1711,1.4,21,274,64,363,722,false,637,658,38,2.9,50.3,88.2,91.1,8.9,715,7,1
"17031020601",32.6,62015,15,3,46.7,22.9,53.3,2052,6.5,4,222,85,520,831,false,742,746,26.7,0.5,62.6,89.3,89.8,10.2,820,11,1.3
"17031020301",13.2,76327,4.4,2,81.2,9.2,18.8,2093,5.8,4,184,103,322,613,false,506,510,30,0.7,52.5,82.5,83.2,16.8,599,14,2.3
"17031760803",5.4,68276,20.3,9.3,60.7,5.5,39.3,2986,13.6,1,91,57,289,438,false,380,381,20.8,0.2,66,86.8,87,13,434,4,0.9
"17031530501",48.7,41000,1.5,95.1,1.4,0,98.6,1812,0.1,106,490,103,904,1603,false,1394,1500,30.6,6.6,56.4,87,93.6,6.4,1575,28,1.7
"17031530503",12.8,50405,0.4,97.9,0,0,100,1482,0.6,45,819,67,984,1915,false,1803,1848,42.8,2.3,51.4,94.2,96.5,3.5,1880,35,1.8
"17031650301",15.5,53750,87.2,0.8,11.2,0.5,88.8,1641,16.5,8,359,52,994,1413,false,1353,1361,25.4,0.6,70.3,95.8,96.3,3.7,1398,15,1.1
"17031650302",18.8,65833,94.7,2.3,2.8,0,97.2,1278,15.9,16,245,35,729,1025,false,974,990,23.9,1.6,71.1,95,96.6,3.4,1012,13,1.3
"17031530502",15,75986,2.9,95.8,0,1.3,100,575,0,8,274,32,275,589,false,549,557,46.5,1.4,46.7,93.2,94.6,5.4,574,15,2.5
"17031831300",31.5,45583,77.8,18.1,0.5,0,99.5,385,23.4,1,120,29,130,280,false,250,251,42.9,0.4,46.4,89.3,89.6,10.4,275,5,1.8
"17031831400",26.7,33516,26.9,46.8,16.7,9.4,83.3,1171,3.5,26,168,102,358,654,false,526,552,25.7,4,54.7,80.4,84.4,15.6,636,18,2.8
"17031837000",16.2,43951,5.3,85.1,7.8,1.2,92.2,938,0,7,62,109,222,400,false,284,291,15.5,1.8,55.5,71,72.8,27.3,394,6,1.5
"17031842400",2,100870,5.7,92.9,0,0,100,1398,0.3,35,412,117,521,1085,false,933,968,38,3.2,48,86,89.2,10.8,1038,47,4.3
"17031832100",15.8,84875,11.7,29.1,51.3,2.8,48.7,1898,3.8,4,39,127,148,318,false,187,191,12.3,1.3,46.5,58.8,60.1,39.9,315,3,0.9
"17031020802",14.2,70044,29.2,4.4,24,34,76,2125,10.3,15,200,69,587,871,false,787,802,23,1.7,67.4,90.4,92.1,7.9,856,15,1.7
"17031020702",14,76812,24.4,4.8,35.1,34.3,64.9,2487,19,4,180,94,610,888,false,790,794,20.3,0.5,68.7,89,89.4,10.6,881,7,0.8
"17031020801",11.2,73151,24.2,13.5,47.9,9.7,52.1,2164,7.2,23,329,78,592,1022,false,921,944,32.2,2.3,57.9,90.1,92.4,7.6,1006,16,1.6
"17031040202",18.4,62500,33.2,5.7,33,18.1,67,2954,19.2,1,125,67,496,689,false,621,622,18.1,0.1,72,90.1,90.3,9.7,682,7,1
"17031040201",9.2,103409,18,2.9,70.9,5.6,29.1,3146,3,16,268,246,454,984,false,722,738,27.2,1.6,46.1,73.4,75,25,963,21,2.1
"17031040402",7.7,94541,17.1,3,73.9,2.5,26.1,2494,6.1,7,176,213,143,539,false,319,326,32.7,1.3,26.5,59.2,60.5,39.5,533,6,1.1
"17031031501",45.8,51731,8.7,39.9,30.2,15.5,69.8,2084,13.2,0,1,63,50,114,false,51,51,0.9,0,43.9,44.7,44.7,55.3,114,0,0
"17031081201",4.7,134246,5.3,1.3,81.4,10.2,18.6,2948,1.1,5,11,96,38,150,false,49,54,7.3,3.3,25.3,32.7,36,64,149,1,0.7
"17031063301",19.7,69188,8.7,6.1,70.8,9,29.2,2021,2.3,0,5,35,29,69,false,34,34,7.2,0,42,49.3,49.3,50.7,68,1,1.4
"17031210601",10.5,90357,43.1,1.8,34.2,18.2,65.8,1142,13,13,187,69,231,500,false,418,431,37.4,2.6,46.2,83.6,86.2,13.8,489,11,2.2
"17031030703",19.8,68861,18.9,13.5,51,10.2,49,1885,15,3,11,95,68,177,false,79,82,6.2,1.7,38.4,44.6,46.3,53.7,175,2,1.1
"17031490902",26.3,69471,3.3,95.1,0,0,100,1845,0,43,684,84,774,1585,false,1458,1501,43.2,2.7,48.8,92,94.7,5.3,1555,30,1.9
"17031301801",23.7,48944,98.9,0,1.1,0,98.9,1209,17.1,6,278,34,284,602,false,562,568,46.2,1,47.2,93.4,94.4,5.6,598,4,0.7
"17031700301",10.5,84667,77.9,3.3,16.5,1.1,83.5,1828,10,7,502,35,1118,1662,false,1620,1627,30.2,0.4,67.3,97.5,97.9,2.1,1642,20,1.2
"17031301702",14.8,69000,97.9,0,2.1,0,97.9,1242,27.1,8,190,19,347,564,false,537,545,33.7,1.4,61.5,95.2,96.6,3.4,561,3,0.5
"17031700401",13.5,94313,39.4,54.4,3.6,0.4,96.4,1907,6,7,738,59,1011,1815,false,1749,1756,40.7,0.4,55.7,96.4,96.7,3.3,1780,35,1.9
"17031837100",22.5,61351,38.9,37.4,17.6,1.3,82.4,708,2.8,6,60,117,260,443,false,320,326,13.5,1.4,58.7,72.2,73.6,26.4,433,10,2.3
"17031837400",34.6,45234,17.5,70.1,11.6,0,88.4,783,1.6,4,107,136,194,441,false,301,305,24.3,0.9,44,68.3,69.2,30.8,433,8,1.8
"17031837800",30.6,34688,8.7,66,19.6,5.7,80.4,1283,0,3,28,357,164,552,false,192,195,5.1,0.5,29.7,34.8,35.3,64.7,549,3,0.5
"17031837300",48.1,22197,1,94.8,2.9,0.2,97.1,938,0,14,51,128,216,409,false,267,281,12.5,3.4,52.8,65.3,68.7,31.3,403,6,1.5
"17031841500",42,24706,2.7,93.7,3.3,0,96.7,858,0,4,44,110,220,378,false,264,268,11.6,1.1,58.2,69.8,70.9,29.1,372,6,1.6
"17031838700",45.1,24074,21,73,6,0,94,1621,9.5,9,75,147,369,600,false,444,453,12.5,1.5,61.5,74,75.5,24.5,589,11,1.8
"17031150501",4.7,126806,19.5,0.3,59.6,11.5,40.4,1523,3.4,16,355,93,578,1042,false,933,949,34.1,1.5,55.5,89.5,91.1,8.9,1032,10,1
"17031150401",11.4,93616,28.5,0.7,58.4,9.3,41.6,1794,12.5,48,379,92,647,1166,false,1026,1074,32.5,4.1,55.5,88,92.1,7.9,1126,40,3.4
"17031150502",6.5,69869,41.2,0.1,46.1,11.5,53.9,1525,10.6,8,323,89,582,1002,false,905,913,32.2,0.8,58.1,90.3,91.1,8.9,983,19,1.9
"17031110502",6.8,80762,18.4,1,67.7,11.4,32.3,1513,8.3,17,201,123,290,631,false,491,508,31.9,2.7,46,77.8,80.5,19.5,626,5,0.8
"17031150402",9.6,102094,43.7,3.5,45.8,5.2,54.2,1355,7.7,28,347,55,597,1027,false,944,972,33.8,2.7,58.1,91.9,94.6,5.4,1004,23,2.2
"17031140302",11.3,75806,40.1,6.3,35,14,65,1343,18.2,13,238,65,205,521,false,443,456,45.7,2.5,39.3,85,87.5,12.5,500,21,4
"17031140301",25.2,71648,60.5,4,9.6,21.7,90.4,926,33.4,5,86,45,125,261,false,211,216,33,1.9,47.9,80.8,82.8,17.2,258,3,1.1
"17031700302",17.1,86000,63.4,13.3,21.2,0,78.8,1804,8.9,2,577,48,1067,1694,false,1644,1646,34.1,0.1,63,97,97.2,2.8,1673,21,1.2
"17031580501",9.6,52757,80.2,0.7,10,6.9,90,1627,18.8,17,335,38,405,795,false,740,757,42.1,2.1,50.9,93.1,95.2,4.8,787,8,1
"17031580502",28.5,59803,88.5,0.4,4.6,6.1,95.4,1454,24.3,13,207,83,509,812,false,716,729,25.5,1.6,62.7,88.2,89.8,10.2,801,11,1.4
"17031730201",12.5,61432,3.2,92.6,1.7,0,98.3,2124,0,45,468,55,749,1317,false,1217,1262,35.5,3.4,56.9,92.4,95.8,4.2,1294,23,1.7
"17031301802",26.1,25513,97.8,0,2.2,0,97.8,945,21.6,8,141,38,321,508,false,462,470,27.8,1.6,63.2,90.9,92.5,7.5,501,7,1.4
"17031440101",36,28326,0.8,95.2,0.2,0.9,99.8,2463,0,8,74,31,277,390,false,351,359,19,2.1,71,90,92.1,7.9,382,8,2.1
"17031301701",15,56460,87.5,0,10.2,2.2,89.8,1456,31.2,7,169,30,394,600,false,563,570,28.2,1.2,65.7,93.8,95,5,593,7,1.2
"17031839100",6,139943,15.1,8.6,42.2,31.2,57.8,4629,0.6,4,3,385,72,464,false,75,79,0.6,0.9,15.5,16.2,17,83,464,0,0
"17031833100",5.1,168125,7.4,5.4,61.6,23,38.4,5311,0.7,3,14,434,90,541,false,104,107,2.6,0.6,16.6,19.2,19.8,80.2,540,1,0.2
"17031838100",33.8,,9,49.3,37.4,4.3,62.6,1115,0.6,1,6,77,34,118,false,40,41,5.1,0.8,28.8,33.9,34.7,65.3,118,0,0
"17031833300",22.4,90806,12.8,2.3,37.8,37.3,62.2,1288,1.1,6,26,230,151,413,false,177,183,6.3,1.5,36.6,42.9,44.3,55.7,409,4,1
"17031838200",8.7,105667,24,25.9,30.2,16.5,69.8,374,0,1,51,184,111,347,false,162,163,14.7,0.3,32,46.7,47,53,344,3,0.9
"17031140702",11.3,78789,64.7,1.4,26.7,6.2,73.3,2090,15.2,30,168,69,346,613,false,514,544,27.4,4.9,56.4,83.8,88.7,11.3,603,10,1.6
"17031140602",24.4,67321,60.1,7.1,20,10.3,80,1706,20.4,12,185,58,258,513,false,443,455,36.1,2.3,50.3,86.4,88.7,11.3,508,5,1
"17031140701",6.8,107790,45,3.7,25.2,22.9,74.8,1036,19.2,7,112,35,104,258,false,216,223,43.4,2.7,40.3,83.7,86.4,13.6,253,5,1.9
"17031160502",10.1,85500,52.1,6.6,24.6,12.1,75.4,1560,5.9,15,141,84,318,558,false,459,474,25.3,2.7,57,82.3,84.9,15.1,544,14,2.5
"17031160602",13.1,96324,38.1,0.4,47.4,6.9,52.6,1578,4.4,12,137,129,246,524,false,383,395,26.1,2.3,46.9,73.1,75.4,24.6,518,6,1.1
"17031151002",12.2,78851,70.2,1,25.5,1.7,74.5,1648,14,13,302,78,418,811,false,720,733,37.2,1.6,51.5,88.8,90.4,9.6,799,12,1.5
"17031151001",12.2,91992,68.4,0,26.3,4.9,73.7,887,17.9,6,242,32,223,503,false,465,471,48.1,1.2,44.3,92.4,93.6,6.4,497,6,1.2
"17031190402",15.1,60316,65.4,0,27.3,4.4,72.7,1791,18.2,26,251,46,723,1046,false,974,1000,24,2.5,69.1,93.1,95.6,4.4,1033,13,1.2
"17031431301",32.9,36496,2,93.2,3.5,1.3,96.5,1451,0,15,122,44,272,453,false,394,409,26.9,3.3,60,87,90.3,9.7,440,13,2.9
"17031431302",56.3,31981,13.4,81.6,3.3,0,96.7,1725,2.7,8,183,48,194,433,false,377,385,42.3,1.8,44.8,87.1,88.9,11.1,426,7,1.6
"17031460302",22.7,44306,7.4,75.5,10.9,0,89.1,1286,0.9,41,336,46,479,902,false,815,856,37.3,4.5,53.1,90.4,94.9,5.1,890,12,1.3
"17031460301",31.2,41296,37.8,58.4,1.7,0.4,98.3,1258,12.9,23,420,25,311,779,false,731,754,53.9,3,39.9,93.8,96.8,3.2,771,8,1
"17031700501",27.3,64739,2.1,91.5,2.7,2.8,97.3,2443,0.1,10,1028,76,1240,2354,false,2268,2278,43.7,0.4,52.7,96.3,96.8,3.2,2319,35,1.5
"17031700502",7.1,97624,12.7,83.2,3.3,0,96.7,1127,0.4,3,445,41,490,979,false,935,938,45.5,0.3,50.1,95.5,95.8,4.2,973,6,0.6
"17031841100",19.3,43527,1.2,3.2,8.8,84.1,91.2,2952,46.8,4,93,553,382,1032,false,475,479,9,0.4,37,46,46.4,53.6,1025,7,0.7
"17031840200",29.7,51771,18.7,0.3,17.5,63.1,82.5,861,34.2,10,83,252,217,562,false,300,310,14.8,1.8,38.6,53.4,55.2,44.8,559,3,0.5
"17031841300",19,69327,64,4.8,24,3.1,76,1930,9.5,11,142,105,499,757,false,641,652,18.8,1.5,65.9,84.7,86.1,13.9,738,19,2.5
"17031840700",3.8,106250,70.4,5.4,20.4,3.4,79.6,1277,14.9,8,127,45,366,546,false,493,501,23.3,1.5,67,90.3,91.8,8.2,537,9,1.6
"17031841700",24.8,45854,55.5,32.2,11.9,0,88.1,610,16.6,4,68,21,124,217,false,192,196,31.3,1.8,57.1,88.5,90.3,9.7,213,4,1.8
"17031190602",13.8,73315,77.7,1.7,18.5,0.2,81.5,1581,16.1,33,251,42,666,992,false,917,950,25.3,3.3,67.1,92.4,95.8,4.2,978,14,1.4
"17031190401",7.9,104231,61.8,5.4,20.9,8.5,79.1,1292,12.3,11,242,53,676,982,false,918,929,24.6,1.1,68.8,93.5,94.6,5.4,970,12,1.2
"17031190702",24,65551,83.2,6,10.8,0,89.2,1501,26.3,10,202,34,398,644,false,600,610,31.4,1.6,61.8,93.2,94.7,5.3,632,12,1.9
"17031191302",10.3,58208,94.7,0.2,5.1,0,94.9,1180,26.9,9,209,73,553,844,false,762,771,24.8,1.1,65.5,90.3,91.4,8.6,833,11,1.3
"17031190601",4.3,73607,90.6,1,8.4,0,91.6,1001,29.9,11,242,36,436,725,false,678,689,33.4,1.5,60.1,93.5,95,5,718,7,1
"17031191301",12.6,65240,83,3.1,3.3,8.1,96.7,1587,26,10,214,45,584,853,false,798,808,25.1,1.2,68.5,93.6,94.7,5.3,850,3,0.4
"17031200402",9.6,77091,79.1,1.8,18.7,0,81.3,1340,16.3,6,197,45,375,623,false,572,578,31.6,1,60.2,91.8,92.8,7.2,613,10,1.6
"17031200401",15,73384,88.8,6.3,3.1,0,96.9,931,20.6,10,139,46,352,547,false,491,501,25.4,1.8,64.4,89.8,91.6,8.4,542,5,0.9
"17031220902",15,78304,66.4,3.2,28.3,1.5,71.7,1055,9.6,7,184,41,267,499,false,451,458,36.9,1.4,53.5,90.4,91.8,8.2,488,11,2.2
"17031210501",28.1,74886,53.1,2.5,32.8,8,67.2,1376,16.8,2,272,48,149,471,false,421,423,57.7,0.4,31.6,89.4,89.8,10.2,463,8,1.7
"17031160601",3.5,74310,26.8,2,57.9,11.3,42.1,1522,3.4,11,125,84,271,491,false,396,407,25.5,2.2,55.2,80.7,82.9,17.1,482,9,1.8
"17031061901",21.6,67063,12.4,8.8,71.1,4.8,28.9,2643,1.7,4,6,59,47,116,false,53,57,5.2,3.4,40.5,45.7,49.1,50.9,113,3,2.6
"17031840800",23.4,47572,98.8,0.1,1.1,0,98.9,956,28.6,2,100,38,349,489,false,449,451,20.4,0.4,71.4,91.8,92.2,7.8,483,6,1.2
"17031081403",10.8,117550,4,10.3,51,33,49,6501,0.3,2,2,143,16,163,false,18,20,1.2,1.2,9.8,11,12.3,87.7,162,1,0.6
"17031030702",15.9,60133,19.3,5.2,44.7,29.6,55.3,1551,5.9,0,0,5,0,5,true,0,0,0,0,0,0,0,100,5,0,0
"17031440102",34.4,36650,1,99,0,0,100,1973,0,13,180,35,369,597,false,549,562,30.2,2.2,61.8,92,94.1,5.9,590,7,1.2
"17031440202",20.3,35079,1.1,94.4,0.6,0,99.4,1618,0.8,41,259,54,346,700,false,605,646,37,5.9,49.4,86.4,92.3,7.7,686,14,2
"17031830500",10.6,65795,98.6,0.9,0.5,0,99.5,1132,22.5,12,123,111,629,875,false,752,764,14.1,1.4,71.9,85.9,87.3,12.7,833,42,4.8
"17031840100",17.3,66981,12.7,3.3,24,54.9,76,1145,29.1,8,119,118,270,515,false,389,397,23.1,1.6,52.4,75.5,77.1,22.9,481,34,6.6
"17031840400",9.9,77768,44.1,2.4,5.3,47.7,94.7,1223,24.8,9,355,219,251,834,false,606,615,42.6,1.1,30.1,72.7,73.7,26.3,820,14,1.7
"17031839200",23.5,39133,4.1,61.3,14.6,10.5,85.4,1514,1.5,0,34,97,71,202,false,105,105,16.8,0,35.1,52,52,48,202,0,0
"17031835500",49.4,20669,12.6,74.2,2.2,0,97.8,697,1.5,8,107,71,264,450,false,371,379,23.8,1.8,58.7,82.4,84.2,15.8,447,3,0.7
"17031030604",19.8,51032,8.2,17.7,53.5,13.1,46.5,2058,5.4,1,1,22,11,35,false,12,13,2.9,2.9,31.4,34.3,37.1,62.9,35,0,0
"17031031502",40.4,47674,10,38.4,41.3,5.9,58.7,2516,10.3,0,1,59,47,107,false,48,48,0.9,0,43.9,44.9,44.9,55.1,106,1,0.9
"17031081402",6.6,166824,8.6,6.6,57.2,23.4,42.8,3594,0.8,0,0,43,4,47,false,4,4,0,0,8.5,8.5,8.5,91.5,47,0,0
"17031080201",2.4,118417,1.7,0,88.3,6.2,11.7,2362,0,1,2,42,60,105,false,62,63,1.9,1,57.1,59,60,40,104,1,1
"17031760802",5.3,93313,15.7,2.8,80.6,0.9,19.4,1169,12.4,3,289,45,383,720,false,672,675,40.1,0.4,53.2,93.3,93.8,6.2,719,1,0.1
"17031140601",11.7,81833,44.7,9.5,25.4,18.6,74.6,806,19.7,11,119,57,251,438,false,370,381,27.2,2.5,57.3,84.5,87,13,428,10,2.3
"17031070102",4.9,106062,5.5,4.1,78.3,7,21.7,1914,2.3,1,5,74,52,132,false,57,58,3.8,0.8,39.4,43.2,43.9,56.1,130,2,1.5
"17031210502",14.7,79857,61.5,2.6,24.6,2.7,75.4,1516,17.1,6,137,71,404,618,false,541,547,22.2,1,65.4,87.5,88.5,11.5,611,7,1.1
"17031540102",53.2,24583,0,99.2,0.4,0,99.6,1285,0,10,134,39,197,380,false,331,341,35.3,2.6,51.8,87.1,89.7,10.3,376,4,1.1
"17031700402",6.5,98152,31.3,61.2,5.6,0.5,94.4,1178,3.9,11,450,223,624,1308,false,1074,1085,34.4,0.8,47.7,82.1,83,17,1290,18,1.4
"17031030800",8.7,96719,11,4.3,68.4,5.8,31.6,2190,2.4,21,235,201,349,806,false,584,605,29.2,2.6,43.3,72.5,75.1,24.9,781,25,3.1
"17031031100",16.4,83352,9.9,13.6,58.1,10.5,41.9,2948,1.5,8,147,125,216,496,false,363,371,29.6,1.6,43.5,73.2,74.8,25.2,483,13,2.6
"17031031300",20.1,65617,13.8,11.3,54.9,15.6,45.1,4459,5.9,1,10,93,90,194,false,100,101,5.2,0.5,46.4,51.5,52.1,47.9,190,4,2.1
"17031031900",4.2,92208,8.8,7.2,73.4,4.3,26.6,1385,2.1,2,59,111,123,295,false,182,184,20,0.7,41.7,61.7,62.4,37.6,291,4,1.4
"17031160501",6.8,76514,54.6,9.5,28.2,6.2,71.8,1410,16.6,10,187,81,307,585,false,494,504,32,1.7,52.5,84.4,86.2,13.8,579,6,1
"17031040100",5.2,94318,17.6,11.6,62.8,2.7,37.2,1924,2.5,36,203,240,330,809,false,533,569,25.1,4.4,40.8,65.9,70.3,29.7,789,20,2.5
"17031040300",14.6,79896,21,3.3,46.8,24.3,53.2,1163,8.1,6,215,54,362,637,false,577,583,33.8,0.9,56.8,90.6,91.5,8.5,632,5,0.8
"17031430700",25.9,37983,3,91.2,5.4,0,94.6,1320,0,10,26,31,80,147,false,106,116,17.7,6.8,54.4,72.1,78.9,21.1,146,1,0.7
"17031611600",28.6,52692,43.9,56,0,0,100,514,16.9,7,185,14,188,394,false,373,380,47,1.8,47.7,94.7,96.4,3.6,387,7,1.8
"17031340400",26.9,41125,4.2,9.3,23.3,52.8,76.7,700,29.9,6,43,55,141,245,false,184,190,17.6,2.4,57.6,75.1,77.6,22.4,242,3,1.2
"17031770700",9.5,68145,29,2.3,60.7,6.3,39.3,1148,6.9,0,0,14,19,33,false,19,19,0,0,57.6,57.6,57.6,42.4,33,0,0
"17031283200",13.7,64223,6.2,49.5,27.8,10.9,72.2,823,1.2,1,29,173,33,236,false,62,63,12.3,0.4,14,26.3,26.7,73.3,235,1,0.4
"17031100500",0.7,117583,9.9,0.9,75.1,9.2,24.9,2338,4.1,16,848,148,1070,2082,false,1918,1934,40.7,0.8,51.4,92.1,92.9,7.1,2054,28,1.3
"17031191000",7.4,66632,93.7,1.1,4.8,0.3,95.2,731,15.2,12,113,32,298,455,false,411,423,24.8,2.6,65.5,90.3,93,7,450,5,1.1
"17031560400",15.7,74554,78.9,0,13.6,7.5,86.4,475,23.4,1,123,27,299,450,false,422,423,27.3,0.2,66.4,93.8,94,6,449,1,0.2
"17031710700",30.7,40938,1.8,96.4,0.4,0,99.6,1339,0,26,331,38,290,685,false,621,647,48.3,3.8,42.3,90.7,94.5,5.5,667,18,2.6
"17031550100",12.6,52174,48.6,18.3,31.3,1.3,68.7,2698,9.5,53,647,225,1077,2002,false,1724,1777,32.3,2.6,53.8,86.1,88.8,11.2,1981,21,1
"17031710300",17,54886,3.5,95.6,0,0.9,100,533,0,11,80,22,160,273,false,240,251,29.3,4,58.6,87.9,91.9,8.1,267,6,2.2
